file_name,label,fold,rgb_prob,wavelet_prob,edge_base_prob,edge_weighted_prob,legacy_stack_prob,is_gray,edge_ratio
00001.jpg,0,3,0.008061992,0.0022518474,0.008061992,0.007937994,0.0035128368,1,1.5152294602956342
00002.jpg,1,3,0.9921841,0.57033134,0.9921841,0.9863631,0.9941324517,1,1.7822777663724083
00003.jpg,1,2,0.77390057,0.19993211,0.77390057,0.81405276,0.9365748707,0,1.171287811539775
00004.jpg,1,1,0.9572778,0.95759624,0.9572778,0.97737074,0.995300839,0,1.0122297627568388
00005.jpg,0,4,0.007066401,0.12808824,0.007066401,0.012053779,0.0102363836,1,0.7167695407445313
00006.jpg,0,4,0.008577485,0.042403832,0.008577485,0.014728613,0.0167204483,0,1.99913426618244
00007.jpg,1,3,0.909907,0.22067817,0.909907,0.8697146,0.989162089,1,1.8529813596491227
00008.jpg,0,4,0.021450732,0.0069038384,0.021450732,0.09704756,0.0324259751,1,1.3977390533221452
00009.jpg,1,3,0.9875683,0.97997653,0.9875683,0.9881309,0.9993999878,1,1.6392015919029137
00010.jpg,1,2,0.88483775,0.4855997,0.88483775,0.7446563,0.9843368482,1,0.8468512893812161
00011.jpg,0,0,0.014842418,0.6978149,0.014842418,0.008577485,0.0098331775,1,1.2975358280254774
00012.jpg,1,1,0.9658996,0.979354,0.9658996,0.97324073,0.997983803,0,1.0591178066185367
00013.jpg,0,1,0.0065897712,0.008445628,0.0065897712,0.00818791,0.0140236799,0,1.07020324300311
00014.jpg,0,4,0.0032730645,0.021287352,0.0032730645,0.0038244838,0.0032099894,1,1.3666398891966758
00015.jpg,0,0,0.06804042,0.0069038384,0.06804042,0.023330769,0.0119799877,0,2.657126593682601
00016.jpg,1,0,0.5554352,0.9142907,0.5554352,0.28547153,0.8952128789,0,1.602082566273932
00017.jpg,1,1,0.79692537,0.9860443,0.79692537,0.85195285,0.9784147812,1,0.9940864712804296
00018.jpg,0,2,0.010248601,0.008644178,0.010248601,0.01518905,0.0139837361,1,1.5415697036223928
00019.jpg,0,0,0.0066411127,0.16184942,0.0066411127,0.0062899017,0.0128810336,0,1.0625589038583043
00020.jpg,0,3,0.13523209,9.0280395e-05,0.13523209,0.052618954,0.0130833145,1,1.2347903043968431
00021.jpg,0,2,0.018404892,0.22067817,0.018404892,0.006692851,0.0151352231,0,1.5234036541721605
00022.jpg,1,0,0.99895155,0.9965166,0.99895155,0.997851,0.9995169652,0,1.0548543193935354
00023.jpg,1,0,0.9976404,0.9959299,0.9976404,0.9914225,0.9982406546,0,1.530673617356115
00024.jpg,0,3,0.009125638,0.25072926,0.009125638,0.010328153,0.0111245926,0,1.0315838250790306
00025.jpg,1,1,0.051082738,0.011869121,0.051082738,0.17441027,0.0597171965,1,1.0851703672403197
00026.jpg,1,0,0.98087597,0.9224824,0.98087597,0.9658996,0.9972838886,0,1.0931003543142976
00027.jpg,1,0,0.997065,0.9978173,0.997065,0.9975656,0.9995795032,0,2.060402081436599
00028.jpg,0,3,0.0039454065,0.009936418,0.0039454065,0.0034834244,0.0007186386,1,0.8179834971719764
00029.jpg,1,0,0.99788433,0.9981324,0.99788433,0.99827254,0.9995839207,0,1.2915707881075975
00030.jpg,1,3,0.98998636,0.9967269,0.98998636,0.99029154,0.9972428545,0,0.9850274060781024
00031.jpg,0,0,0.0039148238,0.24871662,0.0039148238,0.003172683,0.007418841,0,0.8967152138140321
00032.jpg,1,2,0.99687636,0.99879336,0.99687636,0.9860443,0.9983240751,0,1.284859795623284
00033.jpg,0,0,0.010818448,0.31111282,0.010818448,0.021948256,0.046569521,1,0.8731598364299048
00034.jpg,1,3,0.99553156,0.9908744,0.99553156,0.9811669,0.9992777978,0,3.2586429449528755
00035.jpg,0,1,0.0022872274,0.019870713,0.0022872274,0.0023596606,0.0008831982,0,0.9342246864069472
00036.jpg,0,0,0.0020829707,0.0018675659,0.0020829707,0.0029349516,0.0011092953,1,0.7226271529069298
00037.jpg,1,1,0.9953181,0.9370958,0.9953181,0.9952448,0.9990388788,1,1.8827449309933548
00038.jpg,1,2,0.24944724,0.21011725,0.24944724,0.6757646,0.5443865582,1,1.1516025249859816
00039.jpg,0,0,0.06348236,0.067546695,0.06348236,0.068288535,0.0074795753,1,0.8206820974785489
00040.jpg,0,2,0.009559399,0.048496004,0.009559399,0.02017732,0.0062384625,0,2.380502577846884
00041.jpg,1,4,0.98840266,0.9175984,0.98840266,0.98998636,0.999380587,0,1.6160952661158612
00042.jpg,1,1,0.99854493,0.99632156,0.99854493,0.99629277,0.9993234098,1,1.5603348138508544
00043.jpg,1,4,0.83004373,0.59549254,0.83004373,0.7047701,0.9794310579,0,1.6207935877967974
00044.jpg,0,0,0.060086645,0.04304285,0.060086645,0.0766838,0.0584988802,1,1.0122665526917287
00045.jpg,1,1,0.9967269,0.9890131,0.9967269,0.99871576,0.9994804359,0,1.4270289058325454
00046.jpg,1,3,0.95976204,0.9977482,0.95976204,0.9390248,0.9992942247,0,1.5462091548189456
00047.jpg,0,4,0.004331502,0.27747297,0.004331502,0.0058199596,0.0048435934,0,2.05384844585478
00048.jpg,1,4,0.95531917,0.92683524,0.95531917,0.88483775,0.9971523825,0,0.9527923232864138
00049.jpg,0,0,0.021948256,0.018546565,0.021948256,0.021948256,0.0236792838,0,1.4681742748233546
00050.jpg,1,4,0.99469805,0.994089,0.99469805,0.99469805,0.9994448732,1,1.3899011444275813
00051.jpg,0,4,0.0076956474,0.746139,0.0076956474,0.009559399,0.0049700687,0,1.0894949365465965
00052.jpg,0,3,0.31954592,0.1732882,0.31954592,0.48340452,0.2162520592,1,1.278315238727992
00053.jpg,1,1,0.97262347,0.95239735,0.97262347,0.9921841,0.9985723422,0,1.2460260315078768
00054.jpg,1,0,0.99903023,0.9984022,0.99903023,0.9980732,0.9992292137,0,1.3061802307624426
00055.jpg,0,3,0.023870835,0.029647509,0.023870835,0.059646945,0.0175375679,0,1.1959530075518865
00056.jpg,0,0,0.0074606435,0.00048785718,0.0074606435,0.0069576083,0.0160335008,0,1.5118208959873722
00057.jpg,1,4,0.99155444,0.9429286,0.99155444,0.9978173,0.9992781366,0,1.5638926560016584
00058.jpg,1,2,0.971564,0.98998636,0.971564,0.896614,0.9953360114,0,1.7505581769494891
00059.jpg,1,0,0.8774768,0.91964257,0.8774768,0.8272706,0.9132380891,0,2.1590606154877
00060.jpg,1,2,0.8723474,0.8749346,0.8723474,0.6091173,0.9201776833,1,2.1752846359162565
00061.jpg,0,3,0.008061992,0.008644178,0.008061992,0.0074606435,0.0010404861,1,1.0559596246385126
00062.jpg,1,3,0.9825575,0.9888419,0.9825575,0.9830851,0.9979157816,1,1.2795614287357644
00063.jpg,1,0,0.7548698,0.9606575,0.7548698,0.96267307,0.9757269974,0,0.7543417287914673
00064.jpg,1,1,0.9966756,0.89368117,0.9966756,0.99736834,0.9995591339,1,2.0260431965442764
00065.jpg,1,4,0.9984988,0.99893504,0.9984988,0.9974885,0.9996143543,1,1.2739837960005114
00066.jpg,1,0,0.99482024,0.99711037,0.99482024,0.99477994,0.9971687387,0,1.029523846592973
00067.jpg,1,1,0.9967269,0.971564,0.9967269,0.9891816,0.9993663056,0,1.6938267741747686
00068.jpg,1,1,0.655336,0.34334174,0.655336,0.8958876,0.831007074,0,0.8577038796516232
00069.jpg,0,4,0.6891487,0.81405276,0.6891487,0.8484707,0.9806012832,0,1.6280812753777538
00070.jpg,0,1,0.06705628,0.032100707,0.06705628,0.020645931,0.0233379819,1,0.8066498330158784
00071.jpg,1,3,0.9981324,0.9785493,0.9981324,0.99719906,0.9985591893,1,1.469248013374441
00072.jpg,0,1,0.026556574,0.0019267347,0.026556574,0.023330769,0.0846689301,1,1.3500619255335722
00073.jpg,1,1,0.9916842,0.98445636,0.9916842,0.98445636,0.9975004507,0,0.8725100502512563
00074.jpg,1,3,0.93991333,0.9874721,0.93991333,0.9334308,0.9973329323,1,1.2226340557448472
00075.jpg,0,4,0.018264279,0.1576549,0.018264279,0.00498227,0.0045273143,1,0.7620382527458655
00076.jpg,1,4,0.9623913,0.9224824,0.9623913,0.891055,0.9963787617,1,2.935880885094101
00077.jpg,1,3,0.9968273,0.9312127,0.9968273,0.99845123,0.9990349601,1,1.3701455519329295
00078.jpg,0,4,0.0034834244,0.12852514,0.0034834244,0.0013885234,0.0023508214,0,1.0042551486735116
00079.jpg,0,1,0.01665704,0.0058199596,0.01665704,0.003172683,0.0069157926,0,0.9368251692795704
00080.jpg,1,4,0.96267307,0.29951483,0.96267307,0.9777139,0.9920629695,0,1.291933087861859
00081.jpg,0,2,0.043691058,0.030675799,0.043691058,0.042722195,0.4344873028,0,1.166056140928548
00082.jpg,0,2,0.068537496,0.003222484,0.068537496,0.02800752,0.0068228488,1,1.4155039575541444
00083.jpg,0,3,0.008445628,0.020645931,0.008445628,0.008577485,0.0023641739,1,0.9891416310294574
00084.jpg,1,1,0.99444515,0.88543355,0.99444515,0.99611557,0.9996404291,0,1.3798167968066664
00085.jpg,0,4,0.0071214284,0.044680875,0.0071214284,0.009859855,0.0029810114,0,0.8475862953110477
00086.jpg,0,3,0.045015533,0.5631377,0.045015533,0.079210326,0.0478607527,1,1.4947737630602893
00087.jpg,0,1,0.009268013,0.009859855,0.009268013,0.0037072531,0.0012219446,1,0.8198455587947113
00088.jpg,0,0,0.16344544,0.035678554,0.16344544,0.12252321,0.2162258279,0,0.7993054253839642
00089.jpg,1,1,0.99469805,0.9916196,0.99469805,0.99477994,0.9998018666,1,1.0331579226004552
00090.jpg,0,4,0.00818791,0.0069038384,0.00818791,0.018264279,0.0050564732,0,1.3806121798586164
00091.jpg,1,3,0.99736834,0.99736834,0.99736834,0.9975274,0.9998521917,0,1.010030762304922
00092.jpg,0,1,0.014957087,0.0054692747,0.014957087,0.013020489,0.0102691647,1,1.9383488757323848
00093.jpg,0,3,0.11047115,0.080936715,0.11047115,0.0721122,0.0127715423,1,0.8412291729185966
00094.jpg,1,2,0.7356416,0.8879841,0.7356416,0.4474603,0.9764949547,0,1.669656217492198
00095.jpg,1,4,0.99711037,0.99736834,0.99711037,0.9961755,0.9990954205,0,1.2499196424952377
00096.jpg,1,1,0.7592254,0.36455134,0.7592254,0.83548355,0.9729760479,1,1.2572008081067214
00097.jpg,1,1,0.96691406,0.99101454,0.96691406,0.97344345,0.993111913,0,0.9148495399231956
00098.jpg,1,3,0.99193794,0.96432143,0.99193794,0.98951083,0.997343979,0,0.9979683408563804
00099.jpg,0,1,0.009559399,0.029986508,0.009559399,0.0065897712,0.0026555835,1,1.4620180428185272
00100.jpg,0,1,0.7302899,0.11124121,0.7302899,0.41134733,0.1455337066,0,0.7734551826131687
00101.jpg,0,3,0.07864238,0.0065897712,0.07864238,0.032100707,0.0535058625,0,1.146072859148339
00102.jpg,0,4,0.02479816,0.02442309,0.02479816,0.063714996,0.0113062636,1,1.0151180815474812
00103.jpg,0,3,0.026759284,0.027376488,0.026759284,0.01461567,0.0191186014,0,1.342297431723639
00104.jpg,1,0,0.97684664,0.9971551,0.97684664,0.971564,0.9911299756,1,0.8353866265251149
00105.jpg,0,1,0.01883313,0.2180027,0.01883313,0.027585285,0.003326642,0,1.172046455235786
00106.jpg,0,0,0.12940273,0.0053018946,0.12940273,0.33372033,0.0482598096,0,1.2324020445468815
00107.jpg,0,1,0.0053018946,0.04054074,0.0053018946,0.008711384,0.0060960092,0,0.6157806748466257
00108.jpg,0,3,0.020023441,0.0022872274,0.020023441,0.012241276,0.0041636773,1,0.8039116016802915
00109.jpg,1,3,0.98228765,0.9850429,0.98228765,0.9911527,0.9980334604,1,1.391620479538092
00110.jpg,1,2,0.998103,0.9959299,0.998103,0.98571813,0.9996466654,1,1.50045315066125
00111.jpg,1,2,0.9964619,0.9975274,0.9964619,0.99566853,0.9996580507,0,1.0646838047055955
00112.jpg,0,1,0.043365803,0.015424551,0.043365803,0.028220985,0.0518046228,1,1.7342294438594812
00113.jpg,0,4,0.0027576222,0.0627892,0.0027576222,0.0022518474,0.0026719307,1,1.1049312131606916
00114.jpg,1,2,0.99371004,0.96095175,0.99371004,0.97903574,0.9971352546,1,1.8826978101748229
00115.jpg,0,2,0.0030278354,0.02442309,0.0030278354,0.005060332,0.0123457172,1,1.343223483488873
00116.jpg,0,0,0.003678509,0.012053779,0.003678509,0.0037654138,0.0228216285,1,0.7213821557503868
00117.jpg,1,3,0.99605453,0.6645403,0.99605453,0.99711037,0.9988478836,1,1.8916035724272933
00118.jpg,1,3,0.9994967,0.9871788,0.9994967,0.99871576,0.999965263,1,1.038111470740549
00119.jpg,0,4,0.023870835,0.0045384313,0.023870835,0.011597362,0.0127842777,0,1.404693691345151
00120.jpg,1,3,0.9964619,0.997285,0.9964619,0.9983516,0.9998230755,0,2.1798927320490367
00121.jpg,0,2,0.01518905,0.15052763,0.01518905,0.013742321,0.008035312,0,1.6166197990608275
00122.jpg,1,4,0.9994642,0.9987551,0.9994642,0.99896777,0.9998721218,1,1.1370700102069222
00123.jpg,0,4,0.0064882697,0.0073458264,0.0064882697,0.0021157037,0.0018167394,1,0.7771899473193166
00124.jpg,0,1,0.25238404,0.051845472,0.25238404,0.20689406,0.0938355659,0,0.6322200614874097
00125.jpg,0,4,0.011687257,0.0011695102,0.011687257,0.0065897712,0.0025371003,0,1.3843583818609837
00126.jpg,0,3,0.005384938,0.004133968,0.005384938,0.0073458264,0.0065394572,0,0.807427498965167
00127.jpg,0,3,0.016914913,0.022286188,0.016914913,0.008315779,0.004710654,1,1.5789063892779829
00128.jpg,1,1,0.9686196,0.9918121,0.9686196,0.97023994,0.9988003558,0,1.3973400783289815
00129.jpg,1,0,0.999089,0.99879336,0.999089,0.9985221,0.9996766825,1,1.3398088449443892
00130.jpg,1,3,0.96378,0.97737074,0.96378,0.9757624,0.9992519828,1,1.0492279474371344
00131.jpg,0,2,0.013636835,0.025957357,0.013636835,0.027169233,0.005564081,0,0.8710600442421714
00132.jpg,0,3,0.010013571,0.031618766,0.010013571,0.005220126,0.0036566186,0,0.966935039190667
00133.jpg,0,0,0.07864238,0.074231364,0.07864238,0.0269635,0.0580553402,1,0.9644175170068028
00134.jpg,0,2,0.016152835,0.002889581,0.016152835,0.018546565,0.0019606212,1,1.159414386028088
00135.jpg,1,1,0.9916842,0.9996259,0.9916842,0.99486035,0.9996686621,1,1.1917100824982785
00136.jpg,1,3,0.27982852,0.592195,0.27982852,0.2354598,0.8623582815,0,1.7683169274894186
00137.jpg,0,2,0.01717671,0.57511085,0.01717671,0.035144847,0.0248613867,1,0.8241597872747181
00138.jpg,1,3,0.6924341,0.79182106,0.6924341,0.9348725,0.9876411225,0,3.042057639880566
00139.jpg,1,3,0.90958625,0.7166154,0.90958625,0.95257413,0.9789176766,1,1.2925340252955733
00140.jpg,1,2,0.997065,0.99879336,0.997065,0.9939964,0.9995450729,1,1.250553450945692
00141.jpg,1,4,0.9939964,0.9985221,0.9939964,0.9959927,0.9994107826,1,0.934191971108362
00142.jpg,1,1,0.99877447,0.9999318,0.99877447,0.9987356,0.9998748037,0,2.6514505579068874
00143.jpg,1,4,0.9658996,0.999089,0.9658996,0.987375,0.9993798144,1,1.446521839324966
00144.jpg,0,4,0.0034834244,0.01717671,0.0034834244,0.0044683847,0.0019802359,1,1.369383406980592
00145.jpg,0,4,0.0023596606,0.0025909792,0.0023596606,0.0017007226,0.0016372333,0,1.2314634146341463
00146.jpg,0,2,0.13660839,0.021948256,0.13660839,0.24041776,0.1492282293,1,1.3007672020780323
00147.jpg,1,3,0.09401019,0.058345836,0.09401019,0.0460339,0.2579214788,1,1.504485545680912
00148.jpg,0,1,0.08269734,0.14657521,0.08269734,0.20497774,0.0487709912,0,0.6750784686719772
00149.jpg,0,3,0.04707418,0.0035936027,0.04707418,0.029986508,0.0235149476,1,1.87147476340694
00150.jpg,0,3,0.011331755,0.011244561,0.011331755,0.008445628,0.0043986915,1,1.196429406696209
00151.jpg,0,0,0.008124709,0.054198727,0.008124709,0.011687257,0.0055666873,0,0.9724199476338248
00152.jpg,0,3,0.031143833,0.04177388,0.031143833,0.0946777,0.0144858236,1,0.7289897506798602
00153.jpg,1,1,0.96295285,0.9968273,0.96295285,0.99351174,0.9994946719,1,2.1626451525789903
00154.jpg,1,0,0.9522199,0.2107663,0.9522199,0.85145944,0.985926048,1,1.0453819444444443
00155.jpg,1,1,0.997917,0.9930962,0.997917,0.99837697,0.9996994039,0,0.8402084470604988
00156.jpg,1,4,0.99711037,0.99469805,0.99711037,0.9942697,0.999408449,1,0.6856759930263723
00157.jpg,0,2,0.010818448,0.06560483,0.010818448,0.0032730645,0.0018500944,0,1.2203828510938604
00158.jpg,0,1,0.010986944,0.019419348,0.010986944,0.030675799,0.0039652044,0,1.237149892005354
00159.jpg,1,4,0.98527133,0.9851576,0.98527133,0.9905874,0.9995348873,0,1.6819372999811746
00160.jpg,1,0,0.72758853,0.46866903,0.72758853,0.40450743,0.3629936191,1,0.962633747522488
00161.jpg,0,1,0.0094125895,0.19837458,0.0094125895,0.010818448,0.0054861322,1,1.0017668215801172
00162.jpg,1,1,0.8688268,0.96741027,0.8688268,0.8548847,0.9910401652,1,2.3558526804558886
00163.jpg,1,1,0.9738444,0.5783291,0.9738444,0.9539661,0.9973394071,1,1.6406672669284674
00164.jpg,1,0,0.9914225,0.9825575,0.9914225,0.99248135,0.9984574612,0,1.2111411301195436
00165.jpg,0,1,0.18594721,0.0145035805,0.18594721,0.20118472,0.4034621682,0,1.7923302055406614
00166.jpg,1,3,0.81227237,0.31111282,0.81227237,0.87663436,0.9885691243,0,0.8898230364913188
00167.jpg,1,1,0.9879462,0.99253935,0.9879462,0.98951083,0.9991764469,0,1.003706842105263
00168.jpg,1,2,0.92892635,0.9738444,0.92892635,0.8723474,0.9774076722,0,2.581275277777778
00169.jpg,0,4,0.021615334,0.31531414,0.021615334,0.035678554,0.0192890049,0,0.8861387343532685
00170.jpg,1,2,0.32145998,0.89478946,0.32145998,0.40497798,0.947449853,1,1.9988628680211376
00171.jpg,0,4,0.00498227,0.47365725,0.00498227,0.0037072531,0.001943639,0,0.6146588019214467
00172.jpg,0,2,0.008445628,0.002889581,0.008445628,0.0053018946,0.0046144398,0,0.9048416954018248
00173.jpg,1,3,0.99923277,0.9995827,0.99923277,0.99657035,0.9996717646,1,0.8298491379310343
00174.jpg,1,2,0.684264,0.59502196,0.684264,0.97423947,0.9840571849,0,0.969160793768546
00175.jpg,0,4,0.0006771942,0.018404892,0.0006771942,0.0009850083,0.0007631371,1,1.5235134400126122
00176.jpg,1,3,0.983343,0.99886644,0.983343,0.9766692,0.9959770118,1,1.1000812699680511
00177.jpg,0,2,0.27279878,0.93045825,0.27279878,0.22067817,0.9291654342,0,1.2953856799037304
00178.jpg,1,0,0.99871576,0.99351174,0.99871576,0.9927672,0.9992349095,1,2.0530647094391776
00179.jpg,0,4,0.2110914,0.31447145,0.2110914,0.11240508,0.0556276164,0,1.1618158581087743
00180.jpg,0,0,0.86130506,0.87831426,0.86130506,0.79787195,0.5163678199,0,1.1443048578604864
00181.jpg,0,3,0.031618766,0.33458945,0.031618766,0.0094125895,0.0030709551,0,1.8050560196697492
00182.jpg,0,2,0.012624949,0.4356614,0.012624949,0.013848611,0.0120042678,0,1.0751184333958723
00183.jpg,1,3,0.95791227,0.9952448,0.95791227,0.9465967,0.997016122,0,1.5261269810838447
00184.jpg,1,0,0.9785493,0.87914675,0.9785493,0.93367314,0.9757588182,1,1.5492795626952252
00185.jpg,1,2,0.9869795,0.8587186,0.9869795,0.99486035,0.99898816,1,1.0664106833228246
00186.jpg,0,1,0.033589505,0.034358688,0.033589505,0.042722195,0.0264625306,0,1.0407698552293332
00187.jpg,1,3,0.99361163,0.9959299,0.99361163,0.9954615,0.9994751972,0,2.419002091643156
00188.jpg,1,4,0.94417685,0.938124,0.94417685,0.9763105,0.9982470094,0,1.984557818146303
00189.jpg,1,2,0.9695556,0.9019207,0.9695556,0.9830851,0.993472529,1,1.392653681506849
00190.jpg,1,2,0.8233284,0.938124,0.8233284,0.45011765,0.842468706,0,1.0631569319699268
00191.jpg,0,1,0.49218813,0.024987794,0.49218813,0.6548947,0.1550573714,0,1.207325755643413
00192.jpg,1,1,0.9923044,0.9759464,0.9923044,0.98102194,0.9989727518,0,0.9558191102302812
00193.jpg,0,3,0.36455134,0.87997437,0.36455134,0.24544656,0.4678699108,0,1.222688147162608
00194.jpg,1,4,0.9830851,0.97482115,0.9830851,0.97737074,0.9981327601,0,1.6832391176940702
00195.jpg,1,1,0.98173577,0.98187524,0.98173577,0.9869795,0.999585075,1,1.3807439161183537
00196.jpg,0,1,0.044680875,0.058345836,0.044680875,0.0460339,0.032311121,0,1.352302914756246
00197.jpg,0,4,0.08509904,0.28701782,0.08509904,0.041152887,0.0332354599,0,1.4577009573803852
00198.jpg,0,4,0.31665975,0.099120855,0.31665975,0.4527779,0.1608072566,0,1.0250238472428206
00199.jpg,0,3,0.01150815,0.019124037,0.01150815,0.003172683,0.0020406389,1,0.7268572488866898
00200.jpg,1,2,0.8984105,0.97754294,0.8984105,0.8454327,0.9895294674,1,1.219393386409547
00201.jpg,0,0,0.011869121,0.13614832,0.011869121,0.024609929,0.0082459436,1,1.1190662116645984
00202.jpg,1,0,0.3404852,0.90397453,0.3404852,0.20402452,0.8297302657,1,1.1356957746478873
00203.jpg,0,3,0.0063883206,0.08240151,0.0063883206,0.011687257,0.0215772324,1,0.88334755248234
00204.jpg,0,3,0.0024726233,0.29219124,0.0024726233,0.0025509123,0.004359748,0,0.7343225775716964
00205.jpg,1,2,0.45374593,0.95292586,0.45374593,0.4296687,0.8922166546,1,1.3347471961062911
00206.jpg,0,0,0.011961099,0.22970796,0.011961099,0.017712297,0.0343266236,1,1.252657805044308
00207.jpg,0,1,0.0064882697,0.009859855,0.0064882697,0.005220126,0.0023186925,0,1.4291673731379435
00208.jpg,1,2,0.96295285,0.9511422,0.96295285,0.9843364,0.9939145983,0,1.235495250357035
00209.jpg,1,4,0.9971551,0.99911696,0.9971551,0.9980122,0.999896706,0,1.617836615576546
00210.jpg,1,0,0.9500415,0.38191092,0.9500415,0.95791227,0.9892834407,0,1.7590692674173989
00211.jpg,1,3,0.99193794,0.9207897,0.99193794,0.98215127,0.9993324771,0,1.2136316681534345
00212.jpg,0,1,0.6365791,0.16079244,0.6365791,0.18184365,0.0290800687,0,0.7320732878378552
00213.jpg,1,3,0.99845123,0.999608,0.99845123,0.998884,0.9995518083,1,0.9483283899697648
00214.jpg,0,3,0.02442309,0.0061929906,0.02442309,0.015424551,0.0152095252,0,0.8193643955461294
00215.jpg,1,3,0.10818895,0.01461567,0.10818895,0.3504214,0.0947281941,0,1.817874680216032
00216.jpg,1,2,0.84286314,0.35131106,0.84286314,0.7776378,0.8674539235,1,0.991909792704681
00217.jpg,0,3,0.0072327633,0.0960255,0.0072327633,0.01627746,0.0101547435,0,0.921982831184448
00218.jpg,0,3,0.5211056,0.8697146,0.5211056,0.38745853,0.1063637098,0,1.4213605455098008
00219.jpg,0,4,0.007876706,0.00498227,0.007876706,0.008315779,0.0044498737,0,1.51903904683688
00220.jpg,0,4,0.008445628,0.07807816,0.008445628,0.014728613,0.0225375666,0,1.722490510598404
00221.jpg,0,0,0.1338675,0.027585285,0.1338675,0.59313804,0.1959848726,0,0.4348485911093949
00222.jpg,0,1,0.0226292,0.026556574,0.0226292,0.0074606435,0.0073299595,0,0.6795368303571429
00223.jpg,0,4,0.015424551,0.10302443,0.015424551,0.016152835,0.0038325831,0,1.5479433837043088
00224.jpg,0,0,0.026759284,0.13706978,0.026759284,0.035948325,0.0289945649,0,0.7777200681263713
00225.jpg,1,0,0.99108386,0.98173577,0.99108386,0.98934746,0.9985079849,0,0.8395338587888451
00226.jpg,1,3,0.06142404,0.020964239,0.06142404,0.04054074,0.0178311957,0,1.0077478852202388
00227.jpg,1,4,0.9930962,0.9744348,0.9930962,0.99293363,0.998612813,1,0.7768207395498392
00228.jpg,0,3,0.09877259,0.18683577,0.09877259,0.08787644,0.0530884473,0,1.0525877154220062
00229.jpg,0,4,0.021615334,0.37033924,0.021615334,0.012431651,0.0124426804,0,1.1093944289693594
00230.jpg,1,2,0.98201376,0.9012275,0.98201376,0.9918121,0.9989441736,1,1.377649413172288
00231.jpg,1,3,0.99101454,0.9953181,0.99101454,0.9738444,0.9991407435,0,1.8171356899040112
00232.jpg,1,1,0.99845123,0.99783427,0.99845123,0.997065,0.9997780451,1,0.9134529515136992
00233.jpg,0,2,0.027585285,0.0046095727,0.027585285,0.01798621,0.0127502646,0,0.8300345732454797
00234.jpg,1,1,0.97262347,0.91125864,0.97262347,0.9507779,0.9909358215,0,1.51916937895848
00235.jpg,0,1,0.33676717,0.30486888,0.33676717,0.26133093,0.3941041996,0,1.2300735312050337
00236.jpg,1,2,0.99818975,0.9995627,0.99818975,0.9987551,0.9997633288,1,2.759174270703719
00237.jpg,0,1,0.14318772,0.03622006,0.14318772,0.322526,0.237306113,1,1.0118064550949912
00238.jpg,1,2,0.9881309,0.8134608,0.9881309,0.9695556,0.9938785132,1,1.3130271855986095
00239.jpg,0,3,0.008061992,0.020023441,0.008061992,0.022286188,0.0165776273,0,1.3862016419253262
00240.jpg,1,1,0.96378,0.99804294,0.96378,0.98201376,0.9983060788,1,1.3435626342226914
00241.jpg,1,4,0.9964619,0.99632156,0.9964619,0.99804294,0.9998376067,0,1.63847265228948
00242.jpg,0,3,0.010328153,0.031618766,0.010328153,0.010652511,0.0109625529,1,0.9931324075219596
00243.jpg,0,2,0.0627892,0.02800752,0.0627892,0.03234433,0.0229851267,0,1.5829121259116437
00244.jpg,0,0,0.027585285,0.024053553,0.027585285,0.02479816,0.0585421783,1,0.8609689066349504
00245.jpg,1,0,0.98951083,0.97344345,0.98951083,0.9933072,0.9976398959,0,1.0903421038246388
00246.jpg,1,1,0.9987551,0.9966234,0.9987551,0.9961755,0.9998874104,0,1.308643630892678
00247.jpg,1,4,0.97112906,0.407805,0.97112906,0.91730267,0.994404841,1,0.8417700238570253
00248.jpg,1,3,0.97838473,0.99469805,0.97838473,0.9750122,0.9955730251,0,1.9889558309907147
00249.jpg,1,3,0.98421544,0.8086723,0.98421544,0.9942697,0.9982418324,1,1.7714751963621334
00250.jpg,1,1,0.8962514,0.90312344,0.8962514,0.99341017,0.9911995636,1,1.3981741730995347
00251.jpg,1,0,0.99943846,0.9991959,0.99943846,0.9993436,0.999866718,0,0.6057963672971063
00252.jpg,0,3,0.008847355,0.092032865,0.008847355,0.007937994,0.002723498,0,0.9481722148206826
00253.jpg,1,4,0.91367656,0.37479067,0.91367656,0.7356416,0.9842125854,1,1.7323136391961362
00254.jpg,1,1,0.9838472,0.99879336,0.9838472,0.98934746,0.9988836915,0,1.0012067396300257
00255.jpg,0,2,0.008577485,0.04084572,0.008577485,0.004198795,0.0031606581,0,1.3856049226650802
00256.jpg,0,3,0.010986944,0.00041731575,0.010986944,0.042722195,0.0048905123,0,1.551349648931586
00257.jpg,0,3,0.032836955,0.011869121,0.032836955,0.042087726,0.0119567756,1,0.944372448979592
00258.jpg,1,2,0.18952109,0.3684057,0.18952109,0.12168575,0.5974117229,1,1.9279119012192143
00259.jpg,0,0,0.004573864,0.00085590064,0.004573864,0.008445628,0.0059840504,0,1.341639775066157
00260.jpg,0,0,0.016914913,0.9252299,0.016914913,0.014842418,0.032554241,1,1.922609052338493
00261.jpg,0,2,0.30673468,0.029760094,0.30673468,0.14608724,0.1967180915,0,1.5577218100435342
00262.jpg,1,3,0.7162186,0.89552265,0.7162186,0.8474635,0.9878678149,0,1.2484807527496071
00263.jpg,1,1,0.9988305,0.99871576,0.9988305,0.99911696,0.9998862656,1,1.1235746594200309
00264.jpg,0,1,0.02211659,0.13753247,0.02211659,0.020645931,0.0081997429,0,0.9706531238126256
00265.jpg,1,2,0.99740905,0.9728308,0.99740905,0.99740905,0.9996515844,0,2.326214345498998
00266.jpg,0,1,0.013020489,0.10266401,0.013020489,0.009633653,0.0260782703,1,1.227456417644376
00267.jpg,0,3,0.010169658,0.014728613,0.010169658,0.011687257,0.0033815355,0,0.7330052368556763
00268.jpg,0,2,0.0028449094,0.037326884,0.0028449094,0.0024726233,0.0019233659,0,1.3866333058192324
00269.jpg,0,3,0.08819005,0.031858858,0.08819005,0.11240508,0.095296113,1,0.7093229775168838
00270.jpg,1,2,0.5899526,0.16026603,0.5899526,0.7130322,0.8030666327,0,1.5129757993867718
00271.jpg,1,0,0.99553156,0.9984988,0.99553156,0.9961755,0.9989182723,1,1.4837493101307302
00272.jpg,0,4,0.002800927,0.0031236487,0.002800927,0.002889581,0.0022427531,1,1.350390198127999
00273.jpg,1,1,0.40568417,0.28696787,0.40568417,0.5007324,0.9799235029,1,1.5576604691628535
00274.jpg,0,4,0.024053553,0.44939265,0.024053553,0.068787284,0.0133368875,0,1.0482964486565298
00275.jpg,0,1,0.0013885234,0.0015487612,0.0013885234,0.0030753699,0.0009789978,0,1.1839399388388747
00276.jpg,1,3,0.9826909,0.994615,0.9826909,0.99371004,0.99886338,1,1.026629356798899
00277.jpg,0,4,0.028436035,0.0705596,0.028436035,0.04885778,0.0052421043,1,1.267263467928708
00278.jpg,1,1,0.9953181,0.99242276,0.9953181,0.9964064,0.9993818823,0,1.6824899660731312
00279.jpg,1,4,0.99566853,0.9940428,0.99566853,0.9954615,0.9998864402,1,1.0846137661407451
00280.jpg,1,3,0.9975656,0.9952448,0.9975656,0.9959299,0.9988468775,0,1.3801604169026849
00281.jpg,1,0,0.99341017,0.998884,0.99341017,0.9916842,0.9991097841,0,1.559751676623084
00282.jpg,1,1,0.99242276,0.9991959,0.99242276,0.99014014,0.9995390521,1,1.391956592029747
00283.jpg,0,0,0.009708477,0.027169233,0.009708477,0.008577485,0.0166826334,1,0.9105439382796564
00284.jpg,0,3,0.037608635,0.11201596,0.037608635,0.042087726,0.0139527628,1,1.0180013398683736
00285.jpg,1,2,0.99719906,0.99635005,0.99719906,0.998103,0.9997355641,0,0.9976211333871704
00286.jpg,0,4,0.0048297225,0.012624949,0.0048297225,0.008847355,0.0082925389,0,1.911708688906129
00287.jpg,0,1,0.0018675659,0.13006428,0.0018675659,0.0037654138,0.0015182132,0,0.6793882141250563
00288.jpg,1,1,0.99477994,0.9840936,0.99477994,0.9914225,0.9997098703,1,1.2287969325490626
00289.jpg,0,3,0.010818448,0.00085590064,0.010818448,0.019419348,0.0014750102,1,1.4795511271206134
00290.jpg,1,3,0.97023994,0.9686196,0.97023994,0.65401137,0.9704677803,0,0.9244059632029924
00291.jpg,1,3,0.99351174,0.9763105,0.99351174,0.97903574,0.9926169232,1,1.202566459864134
00292.jpg,0,1,0.045692034,0.6874202,0.045692034,0.025957357,0.0682227937,0,0.7341106152374881
00293.jpg,1,3,0.9759464,0.97821885,0.9759464,0.97838473,0.9967869947,1,1.136238609138359
00294.jpg,0,3,0.019719126,0.0006986757,0.019719126,0.013742321,0.0198417894,1,1.3008881278538815
00295.jpg,0,1,0.028436035,0.044680875,0.028436035,0.016914913,0.0078343939,0,1.9675480052477787
00296.jpg,1,3,0.99895155,0.99896777,0.99895155,0.9986749,0.9999436491,1,2.007765700483092
00297.jpg,1,2,0.9932025,0.9759464,0.9932025,0.98892784,0.9987342402,1,1.843613259525596
00298.jpg,0,1,0.03622006,0.064653486,0.03622006,0.13614832,0.0264567733,1,0.8475823844102701
00299.jpg,0,3,0.014728613,0.01717671,0.014728613,0.010408314,0.0062478834,1,1.610779740086638
00300.jpg,1,4,0.98201376,0.98951083,0.98201376,0.98421544,0.9963621236,1,1.14571659184002
00301.jpg,0,4,0.0031236487,0.00091105123,0.0031236487,0.0037072531,0.0029793385,0,0.943939369883061
00302.jpg,0,4,0.026759284,0.019271135,0.026759284,0.023153411,0.0088502295,0,1.1137563763187388
00303.jpg,1,2,0.9908744,0.983597,0.9908744,0.9954615,0.9993811378,0,1.657868603642671
00304.jpg,1,0,0.42155182,0.08210663,0.42155182,0.2354598,0.3288931229,1,2.3375785054575986
00305.jpg,1,3,0.9921841,0.9507779,0.9921841,0.97821885,0.9928501716,0,1.43867835863243
00306.jpg,1,2,0.99732697,0.9656413,0.99732697,0.9978173,0.9988294928,0,1.3848258299299188
00307.jpg,1,0,0.9407897,0.8494724,0.9407897,0.96485513,0.9913778217,1,0.7990925063250472
00308.jpg,0,3,0.005911069,0.005384938,0.005911069,0.0023967307,0.0012499556,0,1.130780288638748
00309.jpg,1,3,0.99444515,0.997285,0.99444515,0.9905874,0.9988400998,0,0.9405356639413588
00310.jpg,0,2,0.009196553,0.031618766,0.009196553,0.010818448,0.0217071709,1,1.391046365693276
00311.jpg,0,4,0.009268013,0.86153823,0.009268013,0.00674499,0.0079710719,0,1.6467734008433803
00312.jpg,0,4,0.03090896,0.0073458264,0.03090896,0.0460339,0.0125033479,1,1.160363022372309
00313.jpg,1,4,0.9926542,0.78199726,0.9926542,0.9911527,0.9988071132,1,1.460416151400053
00314.jpg,1,4,0.99788433,0.98657167,0.99788433,0.99605453,0.9998179587,1,1.811769996262381
00315.jpg,0,4,0.00818791,0.13660839,0.00818791,0.003538086,0.001683603,0,0.9860242727844732
00316.jpg,0,2,0.003172683,0.0034834244,0.003172683,0.0020507434,0.0027598635,0,0.863199239225094
00317.jpg,0,1,0.06656919,0.1468197,0.06656919,0.021287352,0.0267354375,0,0.6623705874746779
00318.jpg,1,1,0.98677725,0.9764905,0.98677725,0.9908744,0.9996533554,0,1.1396458222394346
00319.jpg,1,2,0.9759464,0.9890131,0.9759464,0.98951083,0.9978550124,1,1.7600195989504033
00320.jpg,0,0,0.0069038384,0.026355354,0.0069038384,0.02211659,0.0087063419,0,1.1050176584062918
00321.jpg,1,4,0.9959299,0.9986541,0.9959299,0.99629277,0.9997760632,1,2.5447883902077155
00322.jpg,0,1,0.16238002,0.530723,0.16238002,0.25423115,0.3895161802,1,1.206126785221654
00323.jpg,0,0,0.05033063,0.0020507434,0.05033063,0.01150815,0.0271181028,1,1.008920101312457
00324.jpg,0,0,0.031858858,0.02931223,0.031858858,0.03234433,0.0592266454,1,0.9408431656834316
00325.jpg,0,0,0.18010665,0.005554925,0.18010665,0.06164962,0.0232967058,1,0.9893470458310326
00326.jpg,0,1,0.19930801,0.2693256,0.19930801,0.06418265,0.2551848756,1,0.993759974592084
00327.jpg,1,4,0.95791227,0.99351174,0.95791227,0.9914225,0.99873669,0,1.5087603989752152
00328.jpg,0,3,0.059646945,0.28856912,0.059646945,0.031380434,0.1193005296,1,0.9931588438535522
00329.jpg,0,4,0.00498227,0.011687257,0.00498227,0.005220126,0.0013837596,0,2.2250488051161224
00330.jpg,1,2,0.97090924,0.9588471,0.97090924,0.93045825,0.9862166884,0,1.237292433956259
00331.jpg,1,2,0.92892635,0.5129366,0.92892635,0.936285,0.9970173472,1,1.441058216306854
00332.jpg,1,0,0.95945925,0.93581736,0.95945925,0.9219218,0.8280945391,1,0.6974425018162352
00333.jpg,0,1,0.016152835,0.0069038384,0.016152835,0.0058199596,0.0023440492,1,1.2080803067114405
00334.jpg,1,4,0.714628,0.07696084,0.714628,0.96095175,0.9745485187,0,1.0743448693126814
00335.jpg,0,0,0.009859855,0.12984343,0.009859855,0.01883313,0.0226093276,1,0.9422468428135192
00336.jpg,1,2,0.99937373,0.9979493,0.99937373,0.9991959,0.9998061062,0,1.637642553191489
00337.jpg,1,1,0.9995122,0.99886644,0.9995122,0.9975656,0.999923163,0,2.0383164161088554
00338.jpg,0,2,0.033589505,0.20946969,0.033589505,0.010489091,0.0047110035,1,0.6148044508255563
00339.jpg,0,2,0.036769465,0.5690446,0.036769465,0.027169233,0.2571011948,1,1.235281495579568
00340.jpg,0,1,0.032589745,0.021287352,0.032589745,0.033589505,0.0167029771,0,1.4906734145467575
00341.jpg,1,1,0.99351174,0.9930962,0.99351174,0.98866826,0.9996037471,1,0.8245347559417326
00342.jpg,0,2,0.0074606435,0.05033063,0.0074606435,0.012431651,0.0019104024,0,1.1249144058711964
00343.jpg,1,4,0.9019207,0.7673414,0.9019207,0.9005298,0.9534729548,1,0.9635446282917736
00344.jpg,0,2,0.0064882697,0.022286188,0.0064882697,0.0023967307,0.0050783068,1,0.927261845941005
00345.jpg,0,3,0.04813677,0.03904829,0.04813677,0.06656919,0.0331953885,0,1.4261984781230184
00346.jpg,1,4,0.064653486,0.6680145,0.064653486,0.48151478,0.9490237165,1,1.4463374896981167
00347.jpg,1,4,0.95362175,0.9878528,0.95362175,0.8879841,0.995198225,0,1.5548188448245563
00348.jpg,0,3,0.05877656,0.10374863,0.05877656,0.04813677,0.0845304554,0,1.3224112943744697
00349.jpg,0,4,0.004905406,0.007937994,0.004905406,0.0032730645,0.001870598,1,1.4986333778925047
00350.jpg,1,0,0.990732,0.9678993,0.990732,0.9834705,0.9965379639,0,0.9126118462507876
00351.jpg,1,0,0.95430803,0.87663436,0.95430803,0.9585377,0.9956650132,1,1.1935024408598
00352.jpg,1,4,0.987375,0.9905874,0.987375,0.9921841,0.9997657518,1,1.1237249492989076
00353.jpg,1,4,0.52268946,0.9437636,0.52268946,0.5801142,0.9659662656,0,1.4306820696220446
00354.jpg,0,4,0.010328153,0.019124037,0.010328153,0.0034834244,0.0046697642,1,1.0301005603746067
00355.jpg,0,2,0.19132769,0.25757828,0.19132769,0.27669054,0.2338081865,1,0.7154864139224947
00356.jpg,1,1,0.008315779,0.009268013,0.008315779,0.003324437,0.0011523432,0,0.6447227779040691
00357.jpg,0,0,0.11516223,0.029090757,0.11516223,0.17924304,0.1585508169,1,1.284713656387665
00358.jpg,1,4,0.97719735,0.2505459,0.97719735,0.96641046,0.9868615736,1,1.3387980986871888
00359.jpg,1,3,0.937669,0.81227237,0.937669,0.9324533,0.931825157,0,0.8367360320429408
00360.jpg,0,2,0.035678554,0.071332,0.035678554,0.010489091,0.0600950231,1,1.3453728526220614
00361.jpg,0,0,0.039342504,0.532182,0.039342504,0.020964239,0.0813871328,0,0.8714500262963003
00362.jpg,1,0,0.9888419,0.97737074,0.9888419,0.9860443,0.9975718471,0,1.8423154529790515
00363.jpg,1,4,0.9926542,0.98934746,0.9926542,0.97903574,0.9952839156,1,1.8403131008331552
00364.jpg,1,1,0.9830851,0.9939964,0.9830851,0.9890131,0.9994585859,1,0.8471563428086551
00365.jpg,0,2,0.0075772405,0.028870907,0.0075772405,0.0048297225,0.0041991919,0,1.0632126316323254
00366.jpg,0,0,0.00502115,0.19436783,0.00502115,0.008124709,0.0283606967,0,1.7838347978910372
00367.jpg,1,2,0.7287483,0.9952448,0.7287483,0.7829945,0.9742637991,1,1.7178027777777778
00368.jpg,1,1,0.99453074,0.99895155,0.99453074,0.9966234,0.9997578622,1,1.2731907372400757
00369.jpg,1,3,0.95257413,0.9849274,0.95257413,0.983343,0.9938736013,1,0.7973305124616271
00370.jpg,1,2,0.9993228,0.997851,0.9993228,0.99863297,0.9996618638,1,0.8212917535103115
00371.jpg,0,3,0.0022872274,0.026759284,0.0022872274,0.002631674,0.0005642555,1,0.5378791022255752
00372.jpg,0,2,0.17553806,0.088820286,0.17553806,0.10932483,0.1879398702,0,1.051494527595884
00373.jpg,0,3,0.018546565,0.015424551,0.018546565,0.0111580305,0.001562895,0,0.8861263892588199
00374.jpg,0,2,0.09041373,0.012527933,0.09041373,0.044018652,0.0269113283,0,1.3292905791826972
00375.jpg,1,2,0.9896718,0.5980775,0.9896718,0.99371004,0.9986601781,1,1.8333406681336264
00376.jpg,1,2,0.9780517,0.8723474,0.9780517,0.9437636,0.9928286272,0,1.1716052557789032
00377.jpg,0,2,0.65401137,0.9933072,0.65401137,0.14657521,0.3161680613,1,0.8319278102833981
00378.jpg,1,4,0.24256429,0.26284185,0.24256429,0.385259,0.0432444496,1,0.5805374894286266
00379.jpg,1,0,0.9431384,0.8333246,0.9431384,0.95759624,0.9936137212,1,1.937837471783296
00380.jpg,0,1,0.063714996,0.17553806,0.063714996,0.0627892,0.0823835629,0,0.985288207297726
00381.jpg,0,3,0.03308598,0.14511536,0.03308598,0.071073666,0.0548600176,0,1.0604717600700526
00382.jpg,0,4,0.02297737,0.013636835,0.02297737,0.015784562,0.0091434605,0,1.942376342742943
00383.jpg,0,2,0.013428255,0.5019531,0.013428255,0.0145035805,0.0121747041,0,0.9389532255491144
00384.jpg,0,1,0.00818791,0.005060332,0.00818791,0.008577485,0.0081767182,1,0.7749300456707128
00385.jpg,0,4,0.11357959,0.29098085,0.11357959,0.25664565,0.4341876771,0,1.0020983990320544
00386.jpg,0,0,0.0145035805,0.3566707,0.0145035805,0.00498227,0.0028715014,1,1.2148734855272896
00387.jpg,0,3,0.051082738,0.0010005045,0.051082738,0.04535258,0.0123136166,1,1.1558964732048294
00388.jpg,0,3,0.004133968,0.0715912,0.004133968,0.008577485,0.0083945417,1,1.861527727437477
00389.jpg,0,0,0.29941237,0.6046324,0.29941237,0.10743748,0.4263298224,0,1.8782041734257484
00390.jpg,1,4,0.9787127,0.6220002,0.9787127,0.96765566,0.9978960553,0,1.5365220277559746
00391.jpg,1,2,0.9908744,0.99477994,0.9908744,0.9740426,0.9975728895,1,1.117879034315601
00392.jpg,0,1,0.04885778,0.1384618,0.04885778,0.031143833,0.1397208297,1,1.622104765506808
00393.jpg,0,1,0.0044683847,0.21403356,0.0044683847,0.00818791,0.0100737602,1,1.152617301212552
00394.jpg,0,0,0.044680875,0.17895591,0.044680875,0.032100707,0.0518407446,1,1.2001452067279803
00395.jpg,1,0,0.93991333,0.23231015,0.93991333,0.9693242,0.8352236715,1,0.8112398748159058
00396.jpg,1,4,0.998103,0.9998766,0.998103,0.9961755,0.9995712002,1,0.915096991985948
00397.jpg,1,2,0.987375,0.23722233,0.987375,0.9941801,0.9955778375,1,1.297131750190146
00398.jpg,0,4,0.036769465,0.013428255,0.036769465,0.03308598,0.0438833722,0,0.8821228796877941
00399.jpg,1,3,0.9763105,0.99580115,0.9763105,0.9869795,0.998639922,1,1.3215727794887298
00400.jpg,0,0,0.0020507434,0.005554925,0.0020507434,0.0017546143,0.0005087,1,0.9275423082258288
00401.jpg,1,2,0.9511422,0.98173577,0.9511422,0.9805807,0.9953776592,0,0.9832247194153398
00402.jpg,1,1,0.9942697,0.99701905,0.9942697,0.9964619,0.9998689681,0,1.517543562742886
00403.jpg,1,2,0.97966766,0.9943581,0.97966766,0.9825575,0.9997052721,1,1.8279431558227377
00404.jpg,1,3,0.997285,0.99923277,0.997285,0.99193794,0.9995990665,0,0.9660052078349896
00405.jpg,0,4,0.06512755,0.000939944,0.06512755,0.07751766,0.0103104933,0,1.5231990271144966
00406.jpg,1,2,0.76838577,0.9588471,0.76838577,0.8233284,0.7664242408,1,1.5966057026013858
00407.jpg,1,3,0.9511422,0.53849787,0.9511422,0.9224824,0.9779211621,1,1.51602492935002
00408.jpg,1,4,0.9840936,0.96295285,0.9840936,0.983597,0.9980118382,0,1.4407057741761855
00409.jpg,0,4,0.0063883206,0.00023050672,0.0063883206,0.0028449094,0.0098560698,0,1.022201864421342
00410.jpg,1,1,0.971779,0.9980732,0.971779,0.9802808,0.994950794,1,0.7312064254996206
00411.jpg,1,4,0.9224824,0.95275027,0.9224824,0.909907,0.9831879846,1,2.215841358735476
00412.jpg,0,3,0.010652511,0.0037654138,0.010652511,0.0030753699,0.0022043311,0,1.6217427708243417
00413.jpg,1,4,0.97966766,0.3306873,0.97966766,0.9814534,0.998056239,1,0.9610703248403268
00414.jpg,1,3,0.96765566,0.9891816,0.96765566,0.97539,0.9971408746,1,0.8073135307478521
00415.jpg,1,3,0.97520185,0.9697854,0.97520185,0.98549646,0.9964001956,0,1.211727076686754
00416.jpg,1,3,0.9688562,0.83548355,0.9688562,0.9896718,0.992910502,1,1.179003018108652
00417.jpg,1,0,0.9938548,0.9585377,0.9938548,0.983343,0.9909597868,1,1.8735496572370705
00418.jpg,1,4,0.9942697,0.97684664,0.9942697,0.9966234,0.9993324797,0,2.728940733824014
00419.jpg,0,2,0.055412795,0.019271135,0.055412795,0.067546695,0.0156859863,1,1.3331130840186154
00420.jpg,0,2,0.28120816,0.98527133,0.28120816,0.10017222,0.1057032717,0,0.9251276337115072
00421.jpg,1,0,0.9658996,0.93991333,0.9658996,0.92762595,0.9522987227,1,2.4901793018335683
00422.jpg,0,3,0.018404892,0.008847355,0.018404892,0.014957087,0.0091922149,0,1.047252917706612
00423.jpg,0,1,0.10894504,0.4594399,0.10894504,0.13660839,0.1467941038,0,1.945985019223121
00424.jpg,1,0,0.7687332,0.14706452,0.7687332,0.8568123,0.9129684343,0,0.8321458740465234
00425.jpg,0,3,0.59643316,0.467818,0.59643316,0.63928574,0.725352697,0,1.0340496619308457
00426.jpg,1,0,0.99771273,0.98677725,0.99771273,0.9982993,0.999437897,0,1.3920886399030974
00427.jpg,1,1,0.99736834,0.9825575,0.99736834,0.9904406,0.9991482153,1,1.1601360897569084
00428.jpg,0,1,0.011869121,0.01518905,0.011869121,0.0063883206,0.005956088,1,0.6502496175114747
00429.jpg,0,3,0.047780067,0.013636835,0.047780067,0.027169233,0.0271238077,1,1.922689755362652
00430.jpg,0,3,0.124638565,0.0627892,0.124638565,0.16000335,0.3968240287,1,1.7682156876489556
00431.jpg,1,1,0.99469805,0.97779876,0.99469805,0.9959299,0.9995611146,1,1.882046910592255
00432.jpg,0,1,0.008577485,0.13660839,0.008577485,0.0062899017,0.0098214595,0,0.4613684154251907
00433.jpg,1,2,0.94539934,0.7348813,0.94539934,0.82104415,0.9841040438,0,1.5877938263453284
00434.jpg,0,0,0.010986944,0.032100707,0.010986944,0.010735163,0.0121886944,0,1.707259711155379
00435.jpg,1,3,0.89029425,0.48925945,0.89029425,0.9230392,0.9866277833,1,1.2791395799647214
00436.jpg,0,4,0.0043994132,0.0028449094,0.0043994132,0.00818791,0.0105842042,1,0.636899635549487
00437.jpg,1,3,0.99361163,0.99719906,0.99361163,0.9890131,0.9991320815,0,0.6507005521008029
00438.jpg,0,1,0.04672496,0.24508502,0.04672496,0.11596071,0.1807164538,0,1.3575365790215248
00439.jpg,1,0,0.99871576,0.993807,0.99871576,0.9980122,0.9996361299,1,1.5244180172595243
00440.jpg,0,1,0.012431651,0.0018675659,0.012431651,0.044680875,0.0317238364,1,1.051474590787971
00441.jpg,1,0,0.9879462,0.97262347,0.9879462,0.9777139,0.9974986894,1,1.007394297082228
00442.jpg,0,1,0.008577485,0.00498227,0.008577485,0.015906392,0.0045794655,1,1.2927115815754613
00443.jpg,1,0,0.9961456,0.9043131,0.9961456,0.9914225,0.9989822249,0,0.8921273059097932
00444.jpg,0,3,0.068537496,0.24944724,0.068537496,0.03308598,0.0126494379,0,0.7996690702545923
00445.jpg,1,3,0.6675812,0.85195285,0.6675812,0.7994423,0.9822785801,0,1.610941617717098
00446.jpg,0,1,0.013428255,0.008847355,0.013428255,0.019568676,0.0092314487,1,1.265223370103848
00447.jpg,1,2,0.95945925,0.95976204,0.95945925,0.9764905,0.999633297,1,0.995001871257485
00448.jpg,1,3,0.95945925,0.9615338,0.95945925,0.97482115,0.9919798773,1,1.5484592194694144
00449.jpg,0,2,0.110855594,0.84234506,0.110855594,0.13028543,0.0266425355,0,1.0488059153673177
00450.jpg,0,0,0.03410043,0.06903793,0.03410043,0.08787644,0.0570585851,0,1.0649763905940126
00451.jpg,0,3,0.027585285,0.037892424,0.027585285,0.01717671,0.01949624,1,1.3383618383855955
00452.jpg,1,3,0.9908744,0.9993333,0.9908744,0.9921841,0.9982398645,1,1.2521031705962538
00453.jpg,0,2,0.12252321,0.004133968,0.12252321,0.43302217,0.2695847053,1,0.9153265855604308
00454.jpg,1,2,0.86431044,0.9032942,0.86431044,0.72564864,0.9810564783,1,0.9100209706411024
00455.jpg,0,1,0.010169658,0.25534365,0.010169658,0.0226292,0.010479721,0,1.0194698350190174
00456.jpg,0,4,0.0020507434,0.01798621,0.0020507434,0.003172683,0.0014484164,1,0.5945641965747448
00457.jpg,0,0,0.0111580305,0.0053018946,0.0111580305,0.012431651,0.0052525307,1,1.0485577982915404
00458.jpg,0,2,0.0070117954,0.066085376,0.0070117954,0.0069038384,0.010644784,0,0.6111940578319035
00459.jpg,0,0,0.0030278354,0.0075772405,0.0030278354,0.002889581,0.0036439648,1,2.948314325103396
00460.jpg,0,0,0.013742321,0.0021489493,0.013742321,0.008315779,0.0066644631,0,1.3548783800469193
00461.jpg,0,3,0.0011879054,0.000720838,0.0011879054,0.0003406293,0.0004009114,0,1.5029374865388758
00462.jpg,1,4,0.048496004,0.018978037,0.048496004,0.03875619,0.095860961,1,1.3059363957597172
00463.jpg,1,0,0.9933072,0.9984269,0.9933072,0.99101454,0.9991739387,1,0.8881539054470708
00464.jpg,1,2,0.983343,0.96641046,0.983343,0.9871788,0.9987023942,0,2.3313376700064765
00465.jpg,1,4,0.8620035,0.47731054,0.8620035,0.81405276,0.9419245271,0,0.8706567159599926
00466.jpg,1,2,0.9230392,0.9961755,0.9230392,0.91964257,0.981782541,0,1.1017683202086572
00467.jpg,1,0,0.9184803,0.8454327,0.9184803,0.68349874,0.9875869807,1,0.9795280915576696
00468.jpg,0,0,0.009268013,0.044348583,0.009268013,0.027376488,0.0055495034,1,1.047678709075419
00469.jpg,1,2,0.99687636,0.99605453,0.99687636,0.99509466,0.9997224899,0,1.105364133833646
00470.jpg,0,2,0.004198795,0.025957357,0.004198795,0.0063883206,0.0110963327,1,1.3499141695527783
00471.jpg,1,1,0.9992679,0.99979657,0.9992679,0.9977482,0.9999253616,0,2.1829219995910853
00472.jpg,1,4,0.99877447,0.99879336,0.99877447,0.99863297,0.9995286909,0,1.6645501405810683
00473.jpg,0,1,0.0034834244,0.0010649627,0.0034834244,0.0069038384,0.0008767239,1,1.126105075337034
00474.jpg,0,4,0.020645931,0.5151321,0.020645931,0.06560483,0.2062085576,0,1.4129662107325958
00475.jpg,1,4,0.9890131,0.938576,0.9890131,0.99371004,0.9967067802,1,1.3971721711332072
00476.jpg,1,3,0.947381,0.38943043,0.947381,0.9449947,0.886544917,0,0.8953536725168544
00477.jpg,1,1,0.9658996,0.29421496,0.9658996,0.9830851,0.9791095889,1,1.3264806611653928
00478.jpg,1,1,0.9755769,0.9736447,0.9755769,0.9916842,0.9982048344,1,1.3229699119093927
00479.jpg,0,0,0.035678554,0.11676401,0.035678554,0.023330769,0.011923589,0,1.3719637489173078
00480.jpg,0,4,0.0061929906,0.054198727,0.0061929906,0.0024726233,0.0015622852,1,1.3566317215088282
00481.jpg,1,1,0.9927672,0.97079873,0.9927672,0.9851576,0.9993538994,1,2.1334216430086475
00482.jpg,1,3,0.5990161,0.684264,0.5990161,0.7577944,0.1823433973,0,1.2021236068408916
00483.jpg,1,3,0.99869555,0.99611557,0.99869555,0.99804294,0.9998199084,1,2.436179873772791
00484.jpg,1,2,0.46010697,0.0094125895,0.46010697,0.3238076,0.8051986319,1,1.1696212954476015
00485.jpg,0,2,0.51488817,0.3201833,0.51488817,0.49389678,0.4419230501,0,1.170981039010954
00486.jpg,1,2,0.997783,0.99963164,0.997783,0.9930962,0.9990106775,1,1.5826979795452414
00487.jpg,1,0,0.99877447,0.9956006,0.99877447,0.9967775,0.9996761614,1,1.3513910969793324
00488.jpg,1,1,0.997285,0.99356186,0.997285,0.99939287,0.9998338253,0,0.858103534047041
00489.jpg,1,4,0.99580115,0.979354,0.99580115,0.99444515,0.9992204985,0,0.8866359768219949
00490.jpg,0,1,0.02442309,0.0069038384,0.02442309,0.007815889,0.0620633777,1,1.6167410824259745
00491.jpg,0,4,0.031618766,0.16776335,0.031618766,0.020332353,0.0252088793,1,1.0080664896863176
00492.jpg,0,1,0.0269635,0.059646945,0.0269635,0.008315779,0.0042653647,0,0.8393500087765492
00493.jpg,1,2,0.9984022,0.9990601,0.9984022,0.99837697,0.9997451995,1,0.9268257899034092
00494.jpg,1,4,0.997851,0.99371004,0.997851,0.99509466,0.9996731753,0,0.6807683581229516
00495.jpg,1,1,0.97838473,0.8327813,0.97838473,0.9881309,0.995589008,0,0.9493343297193232
00496.jpg,1,3,0.5940803,0.17553806,0.5940803,0.7070003,0.7190268965,0,0.9246951980293046
00497.jpg,0,1,0.009708477,0.045692034,0.009708477,0.012624949,0.0027818482,0,1.4453939101766609
00498.jpg,0,0,0.057071403,0.532182,0.057071403,0.02442309,0.0075297595,1,2.2058574007220213
00499.jpg,1,1,0.9744348,0.997917,0.9744348,0.9801293,0.9998533417,0,2.241873096901308
00500.jpg,1,4,0.9969246,0.9273633,0.9969246,0.994615,0.9998057628,1,1.0327482580947362
00501.jpg,0,4,0.042403832,0.005220126,0.042403832,0.057493277,0.0058487049,0,0.8768809122899955
00502.jpg,0,2,0.015906392,0.07807816,0.015906392,0.010652511,0.0104818281,1,1.2404235053891286
00503.jpg,0,1,0.1666754,0.15102781,0.1666754,0.344664,0.4514512825,1,1.347757337303275
00504.jpg,0,2,0.019124037,0.4392662,0.019124037,0.0062899017,0.0148480176,1,1.501519947612331
00505.jpg,0,1,0.17953056,0.38306418,0.17953056,0.034880888,0.0643404843,1,3.287189886880016
00506.jpg,0,0,0.011869121,0.0021827165,0.011869121,0.01717671,0.006452566,1,1.140315637065637
00507.jpg,0,3,0.37960833,0.045015533,0.37960833,0.4946291,0.271729007,1,1.1210889287114296
00508.jpg,0,1,0.0072327633,0.020023441,0.0072327633,0.00818791,0.0025202361,1,0.6999237356402354
00509.jpg,1,3,0.9975656,0.9942697,0.9975656,0.9969246,0.9997120827,1,1.6025657271304845
00510.jpg,1,0,0.9877587,0.9898303,0.9877587,0.99253935,0.9985866877,0,1.127966930006686
00511.jpg,0,1,0.0010005045,0.06052939,0.0010005045,0.0073458264,0.0029950689,0,0.4655814595858862
00512.jpg,1,2,0.5102525,0.9219218,0.5102525,0.43056634,0.9038564228,0,1.2607697058163037
00513.jpg,0,1,0.10158944,0.008847355,0.10158944,0.020645931,0.005921418,1,1.0421383458646616
00514.jpg,0,2,0.09041373,0.6095242,0.09041373,0.16776335,0.0159319082,1,1.1245198523630646
00515.jpg,1,4,0.45859116,0.83815056,0.45859116,0.30321577,0.5129582253,0,0.8596407986825855
00516.jpg,0,0,0.002631674,0.0003569706,0.002631674,0.0065897712,0.0043761255,1,0.7689160845068043
00517.jpg,1,1,0.9825575,0.99701905,0.9825575,0.98527133,0.9991668414,1,1.5094591253756375
00518.jpg,1,4,0.9916196,0.9980732,0.9916196,0.987375,0.9998230158,0,1.2422142857142855
00519.jpg,1,0,0.9966234,0.99509466,0.9966234,0.9961755,0.999665029,1,1.3939492531960676
00520.jpg,1,0,0.993807,0.5520568,0.993807,0.99193794,0.9970774537,1,0.8367707123715945
00521.jpg,0,2,0.005139611,0.031618766,0.005139611,0.0094125895,0.0161224101,1,2.6135147601476016
00522.jpg,0,2,0.0053018946,0.008445628,0.0053018946,0.012241276,0.0031177613,0,1.592262087294286
00523.jpg,1,4,0.98527133,0.9994642,0.98527133,0.9882222,0.9993441,0,1.635757624324572
00524.jpg,1,0,0.9838472,0.99390244,0.9838472,0.9921841,0.9983107244,0,1.867707042253521
00525.jpg,0,3,0.023689471,0.067546695,0.023689471,0.015906392,0.0039116235,0,0.913450499078953
00526.jpg,0,1,0.0027149853,0.033589505,0.0027149853,0.010328153,0.0039839397,1,0.8823123940459975
00527.jpg,1,3,0.7725307,0.81699115,0.7725307,0.8749346,0.4304961189,1,1.010097823190604
00528.jpg,1,3,0.85195285,0.6287494,0.85195285,0.8723474,0.947512538,0,0.7474823732177365
00529.jpg,1,2,0.98527133,0.9918121,0.98527133,0.98087597,0.9903085188,1,1.60552374301676
00530.jpg,1,4,0.99108386,0.98951083,0.99108386,0.9777139,0.9959813929,0,1.7270121667248808
00531.jpg,0,2,0.12506539,0.22781274,0.12506539,0.061875984,0.1039017419,0,2.4007053844345165
00532.jpg,0,0,0.026759284,0.04813677,0.026759284,0.0726367,0.0151839079,1,0.9177848401877514
00533.jpg,0,3,0.020023441,0.10743748,0.020023441,0.007815889,0.0088948765,1,1.5120101705860194
00534.jpg,0,2,0.0021489493,0.0019877744,0.0021489493,0.003172683,0.0015423384,0,1.053413871543265
00535.jpg,0,1,0.010818448,0.44939265,0.010818448,0.039342504,0.0103341397,0,1.447375704206093
00536.jpg,1,2,0.99341017,0.8633916,0.99341017,0.9869795,0.9986627606,1,0.8554343848892405
00537.jpg,1,3,0.7627777,0.6992544,0.7627777,0.77932185,0.8555761261,1,1.0937308083268038
00538.jpg,0,0,0.01883313,0.021615334,0.01883313,0.02615562,0.0246684584,1,1.5514731981166243
00539.jpg,1,3,0.997285,0.9984022,0.997285,0.99444515,0.9990943098,0,1.8308845178192703
00540.jpg,0,0,0.0021157037,0.12765263,0.0021157037,0.0036499873,0.0028229685,0,1.3910713346914636
00541.jpg,1,1,0.95430803,0.93439513,0.95430803,0.9722044,0.988173722,0,1.4856905268759977
00542.jpg,1,2,0.9883128,0.9941801,0.9883128,0.99371004,0.9964252896,0,1.8634811899407075
00543.jpg,0,3,0.253861,0.13939638,0.253861,0.054198727,0.0966281962,0,0.970018049990848
00544.jpg,1,4,0.9978173,0.99931216,0.9978173,0.99605453,0.9996538903,1,1.451637802205101
00545.jpg,0,4,0.87914675,0.86613256,0.87914675,0.929951,0.7096072816,1,0.8773814773130233
00546.jpg,1,4,0.9834705,0.9980882,0.9834705,0.98866826,0.9984054848,0,1.0755132614022265
00547.jpg,0,0,0.0145035805,0.13568954,0.0145035805,0.019719126,0.073860862,0,0.8886994678486608
00548.jpg,0,4,0.0022872274,0.0017546143,0.0022872274,0.004681823,0.0026578032,1,1.147334544510771
00549.jpg,0,2,0.056652427,0.074231364,0.056652427,0.051082738,0.0142817579,1,1.4636970807740572
00550.jpg,0,2,0.013636835,0.0047552,0.013636835,0.017848738,0.0071476683,0,0.6971104102321412
00551.jpg,1,4,0.98677725,0.97023994,0.98677725,0.9879462,0.9961110156,1,1.1804456837051116
00552.jpg,0,2,0.07369627,0.008061992,0.07369627,0.042403832,0.0114123413,1,1.1940262592428743
00553.jpg,0,1,0.0140636265,0.0145035805,0.0140636265,0.0053018946,0.0071781599,1,1.0350402340543323
00554.jpg,1,0,0.9977482,0.9966234,0.9977482,0.9964064,0.9996110483,0,1.0665932161426095
00555.jpg,1,4,0.99187535,0.9975274,0.99187535,0.9951703,0.9993868528,0,1.3243822018788087
00556.jpg,1,4,0.96432143,0.77923787,0.96432143,0.96267307,0.9837855994,0,1.703944946664256
00557.jpg,0,3,0.029535336,0.05033063,0.029535336,0.023689471,0.0055276654,0,1.2376547153004054
00558.jpg,0,3,0.006692851,0.0006563728,0.006692851,0.0030753699,0.0010965147,1,1.0278731700643045
00559.jpg,0,2,0.0012843083,0.00818791,0.0012843083,0.0012448434,0.0010329489,1,1.482420642508844
00560.jpg,0,4,0.23300752,0.12874405,0.23300752,0.39408436,0.2974559523,0,1.1202369241216004
00561.jpg,0,1,0.0023231625,0.003172683,0.0023231625,0.0021157037,0.0018971409,1,2.286740999909319
00562.jpg,1,0,0.99929035,0.98951083,0.99929035,0.99760324,0.9995108182,1,1.032476557064642
00563.jpg,0,2,0.0058199596,0.008577485,0.0058199596,0.0060035954,0.001668432,1,0.8613123919651904
00564.jpg,0,1,0.029760094,0.32466352,0.029760094,0.043365803,0.0203149498,0,0.7166259988134159
00565.jpg,1,2,0.9939964,0.9950177,0.9939964,0.99580115,0.9992526999,0,0.8844688249400481
00566.jpg,0,1,0.023870835,0.0705596,0.023870835,0.0705596,0.0131425131,1,1.362386221018561
00567.jpg,1,2,0.9845754,0.89912134,0.9845754,0.98421544,0.9970579181,1,1.217385307311659
00568.jpg,0,4,0.0037654138,0.0039454065,0.0037654138,0.0021827165,0.0015636918,1,1.125467464351172
00569.jpg,1,2,0.99629277,0.9992206,0.99629277,0.9916842,0.9991371737,1,2.0459086979076604
00570.jpg,0,2,0.0032730645,0.0973904,0.0032730645,0.014392336,0.005137989,0,4.458806165956052
00571.jpg,1,3,0.98582757,0.76803803,0.98582757,0.9730365,0.9934306866,1,1.0636412220038702
00572.jpg,1,3,0.99701905,0.971779,0.99701905,0.99253935,0.9989801795,0,1.032645168378839
00573.jpg,1,4,0.9755769,0.999089,0.9755769,0.9425068,0.9986177489,0,2.2203567113688534
00574.jpg,1,2,0.9898303,0.9591543,0.9898303,0.96378,0.9950030941,1,1.36787283574439
00575.jpg,0,4,0.0011695102,0.0061929906,0.0011695102,0.0008426423,0.0003767841,1,1.2337750678743356
00576.jpg,0,3,0.011331755,0.0029349516,0.011331755,0.016152835,0.0031121686,1,1.71106020371044
00577.jpg,1,0,0.99440175,0.91117966,0.99440175,0.9966234,0.99852986,1,1.4638582448751558
00578.jpg,1,2,0.99193794,0.99961996,0.99193794,0.9916842,0.9993394267,1,0.9945978792297464
00579.jpg,1,2,0.9184803,0.04707418,0.9184803,0.95531917,0.9776224526,0,1.9254311611954924
00580.jpg,1,2,0.9161096,0.58249104,0.9161096,0.9615338,0.9860302622,0,1.709211126983634
00581.jpg,0,4,0.1592174,0.14706452,0.1592174,0.08035747,0.0540592055,1,1.379669023273723
00582.jpg,1,2,0.9904406,0.97046465,0.9904406,0.98571813,0.9987328511,1,1.1962611560494678
00583.jpg,1,2,0.95976204,0.96432143,0.95976204,0.97520185,0.995465472,1,1.899794788156857
00584.jpg,1,4,0.9943581,0.99351174,0.9943581,0.9923044,0.9979530109,0,0.90605155890621
00585.jpg,1,2,0.9971551,0.9990746,0.9971551,0.9975656,0.9994645349,0,1.3181474998189149
00586.jpg,0,0,0.02479816,0.0027576222,0.02479816,0.020488555,0.00666001,0,1.1696497446975649
00587.jpg,1,0,0.85536855,0.9905874,0.85536855,0.82782817,0.9363708131,1,0.8475117413169672
00588.jpg,1,0,0.93674946,0.6761924,0.93674946,0.96909106,0.9863721685,1,0.9758687738078018
00589.jpg,0,4,0.014728613,0.28081354,0.014728613,0.014281934,0.0224885327,0,1.3662646941259833
00590.jpg,0,3,0.012821214,0.23300752,0.012821214,0.028436035,0.0218643602,1,1.4129048006509357
00591.jpg,1,0,0.99863297,0.8565725,0.99863297,0.997851,0.9993314697,1,0.6244440232020321
00592.jpg,1,1,0.8795612,0.97838473,0.8795612,0.94165415,0.987985938,0,1.317870683517266
00593.jpg,0,3,0.003172683,0.0042646346,0.003172683,0.0061929906,0.002101563,1,0.8656766090025709
00594.jpg,1,3,0.9975274,0.9849274,0.9975274,0.9967775,0.9999028514,0,2.068839000563592
00595.jpg,1,2,0.98571813,0.9891816,0.98571813,0.97754294,0.9993807334,1,1.1561018722076448
00596.jpg,1,3,0.99371004,0.9230392,0.99371004,0.9926542,0.999403289,0,0.9305548352242032
00597.jpg,0,1,0.10594828,0.1592174,0.10594828,0.16238002,0.023605328,1,0.8806022089239096
00598.jpg,1,3,0.9549844,0.019124037,0.9549844,0.908618,0.969171667,0,1.1133200089594928
00599.jpg,0,0,0.1265691,0.3437822,0.1265691,0.07531231,0.0727470744,1,1.2976740653894323
00600.jpg,1,2,0.81640637,0.64779824,0.81640637,0.8305941,0.9784013855,1,0.9368109453168428
00601.jpg,0,2,0.010986944,0.0067975316,0.010986944,0.034880888,0.0057238101,1,0.911354534746761
00602.jpg,0,3,0.051462766,0.0047552,0.051462766,0.011869121,0.0114351743,0,1.3009585741811176
00603.jpg,0,2,0.15817435,0.010986944,0.15817435,0.0226292,0.0242311428,1,1.7021650706846083
00604.jpg,1,4,0.9974491,0.8324411,0.9974491,0.9964619,0.9985023632,1,1.1656055344348588
00605.jpg,0,2,0.016785491,0.013222823,0.016785491,0.023689471,0.0087142463,1,1.4732186599741963
00606.jpg,0,0,0.0020829707,0.0019877744,0.0020829707,0.0037072531,0.0020688359,1,0.9036337621125404
00607.jpg,0,0,0.0015487612,0.0023967307,0.0015487612,0.0011879054,0.0014797362,0,0.9366651825467498
00608.jpg,1,1,0.7318258,0.65555656,0.7318258,0.6675812,0.9695176247,0,1.4085451412484224
00609.jpg,0,3,0.0973904,0.0023231625,0.0973904,0.052230854,0.0399947595,0,0.4862138271770914
00610.jpg,1,3,0.96741027,0.98228765,0.96741027,0.9465967,0.9926477409,1,0.6858397684689508
00611.jpg,1,0,0.9975274,0.999608,0.9975274,0.99886644,0.9994552871,0,1.635684618291761
00612.jpg,1,1,0.99611557,0.9959927,0.99611557,0.9943581,0.9993200013,0,1.1130239559187525
00613.jpg,0,2,0.002631674,0.0021157037,0.002631674,0.0028449094,0.0023294667,0,0.8238155917867677
00614.jpg,1,3,0.9986749,0.9941801,0.9986749,0.9964619,0.9992532661,0,1.0544789312237648
00615.jpg,0,2,0.005641909,0.01883313,0.005641909,0.009559399,0.0066273561,0,0.9309278270337532
00616.jpg,1,2,0.99711037,0.9981324,0.99711037,0.99635005,0.9987990424,1,2.0465816478841705
00617.jpg,0,3,0.01798621,0.029090757,0.01798621,0.0053018946,0.0056315142,1,1.324196618946086
00618.jpg,0,4,0.26702574,0.3974706,0.26702574,0.0721122,0.0398904553,0,0.9702681487725212
00619.jpg,1,0,0.840259,0.63011605,0.840259,0.8723474,0.8642966545,1,0.7398870151770658
00620.jpg,1,0,0.9959927,0.98677725,0.9959927,0.9968273,0.9987438592,0,0.7827436793080506
00621.jpg,0,0,0.043365803,0.021948256,0.043365803,0.020804489,0.0480188696,0,1.2178254716981132
00622.jpg,1,4,0.9975274,0.9983516,0.9975274,0.99863297,0.9976951904,0,0.6874892902010051
00623.jpg,0,4,0.0027149853,0.008847355,0.0027149853,0.003172683,0.0009628555,0,1.2083836483758486
00624.jpg,0,1,0.08449276,0.028870907,0.08449276,0.26020142,0.08115173,1,0.9382883939038688
00625.jpg,1,0,0.99580115,0.84645087,0.99580115,0.997783,0.998151808,0,1.2783017197494524
00626.jpg,1,3,0.98866826,0.997851,0.98866826,0.98934746,0.9991809921,1,1.0092345884556495
00627.jpg,1,0,0.994089,0.98087597,0.994089,0.98625773,0.9950190335,1,1.632799730431638
00628.jpg,1,3,0.9996594,0.9976769,0.9996594,0.9992563,0.9995745517,1,1.324663601692129
00629.jpg,1,3,0.9896718,0.9187722,0.9896718,0.9921841,0.999473301,0,1.195665504511895
00630.jpg,0,3,0.021125194,0.15152934,0.021125194,0.008847355,0.005421771,0,1.6178195886854332
00631.jpg,0,1,0.0043994132,0.0003406293,0.0043994132,0.0071214284,0.0038300981,0,0.7690542780918503
00632.jpg,0,0,0.04813677,0.19806418,0.04813677,0.10017222,0.0568105559,0,1.340419384217639
00633.jpg,1,0,0.9850429,0.9518632,0.9850429,0.97754294,0.9842518345,1,1.116623730043541
00634.jpg,1,1,0.89029425,0.45229396,0.89029425,0.54927796,0.9619513476,0,1.7228617836719795
00635.jpg,0,0,0.10484337,0.8976953,0.10484337,0.1384618,0.0351233557,0,0.923319596742508
00636.jpg,0,0,0.008445628,0.01883313,0.008445628,0.013848611,0.0049130049,1,2.405892456387085
00637.jpg,1,2,0.993807,0.99014014,0.993807,0.9785493,0.9916039221,0,0.909027777777778
00638.jpg,1,0,0.99242276,0.9875683,0.99242276,0.9966756,0.9982108968,1,2.2691479289940832
00639.jpg,1,4,0.9888419,0.9869795,0.9888419,0.97838473,0.9995401645,0,1.1453197888987303
00640.jpg,0,4,0.049589027,0.04707418,0.049589027,0.035948325,0.0439381611,1,0.8648037950583856
00641.jpg,0,0,0.057493277,0.075858176,0.057493277,0.0269635,0.0457830148,0,1.081038160398068
00642.jpg,1,4,0.9953181,0.9954615,0.9953181,0.99390244,0.9994572703,0,0.9915845523296692
00643.jpg,0,0,0.45423004,0.75851065,0.45423004,0.46441573,0.13099163,1,0.7712462814102158
00644.jpg,0,1,0.02931223,0.0023231625,0.02931223,0.019124037,0.0109641846,1,1.4177616112580795
00645.jpg,1,0,0.9422947,0.9403531,0.9422947,0.966156,0.9963271336,0,1.2668099833873905
00646.jpg,1,1,0.9930962,0.7162186,0.9930962,0.9891816,0.9993213841,0,2.074596541599542
00647.jpg,1,2,0.8749346,0.3451053,0.8749346,0.89912134,0.9887590807,1,1.525015909090909
00648.jpg,1,3,0.9130583,0.9252299,0.9130583,0.91117966,0.93486224,0,1.2199450458931511
00649.jpg,1,3,0.9805807,0.14608724,0.9805807,0.9744348,0.9970186298,0,1.4403329139406138
00650.jpg,0,0,0.0007793661,0.00030534895,0.0007793661,0.0019877744,0.0030061405,1,0.9448988850628977
00651.jpg,0,2,0.07696084,0.4426365,0.07696084,0.039638843,0.0378336418,1,1.0594763892349863
00652.jpg,1,3,0.8705973,0.28776783,0.8705973,0.49121186,0.8171248796,1,1.2451172888165591
00653.jpg,1,2,0.9914225,0.97754294,0.9914225,0.9932025,0.9971392821,0,1.409679180565171
00654.jpg,1,4,0.9981614,0.9993538,0.9981614,0.9985221,0.9997951696,0,1.4694869610521275
00655.jpg,0,1,0.042722195,0.18300885,0.042722195,0.053799644,0.0320929153,0,1.5496812909097952
00656.jpg,0,2,0.0111580305,0.008511303,0.0111580305,0.008577485,0.008962238,0,1.0238959915140688
00657.jpg,1,1,0.8344069,0.99361163,0.8344069,0.87621135,0.9819429913,0,1.8518688135073584
00658.jpg,0,4,0.0020507434,0.00019110431,0.0020507434,0.001264422,0.0010728943,0,0.9501503835284616
00659.jpg,0,2,0.012053779,0.33720353,0.012053779,0.03904829,0.0309549431,0,2.0747590848903927
00660.jpg,1,3,0.9875683,0.9130583,0.9875683,0.9763105,0.9978462661,1,2.1942811205980437
00661.jpg,1,3,0.98951083,0.9951703,0.98951083,0.9861514,0.9991684586,1,1.0793124475216451
00662.jpg,0,4,0.0034296035,0.0017007226,0.0034296035,0.0023967307,0.002539817,1,0.9671702501217976
00663.jpg,1,2,0.96741027,0.93439513,0.96741027,0.9656413,0.9982726545,1,0.7265257261033589
00664.jpg,1,0,0.99837697,0.9992084,0.99837697,0.9974491,0.9991759274,1,1.0087147210812244
00665.jpg,1,2,0.979354,0.9932025,0.979354,0.9252299,0.9984733941,1,1.4352843818580834
00666.jpg,0,4,0.015072629,0.05033063,0.015072629,0.020964239,0.0060687444,0,1.00252972438933
00667.jpg,1,0,0.97903574,0.9814534,0.97903574,0.93558234,0.9983049566,0,0.9461289638231352
00668.jpg,1,4,0.99486035,0.9859364,0.99486035,0.99732697,0.9998540399,1,1.7949093264248703
00669.jpg,0,2,0.0036499873,0.06705628,0.0036499873,0.0032730645,0.0005898199,0,0.9914096263608017
00670.jpg,1,4,0.7559974,0.8000679,0.7559974,0.97997653,0.9859615733,0,1.1479653125959275
00671.jpg,0,0,0.01150815,0.24006122,0.01150815,0.0065388246,0.0163420475,0,1.7612441956375633
00672.jpg,1,4,0.9588471,0.95150405,0.9588471,0.9693242,0.9856993268,0,0.8357424086464231
00673.jpg,0,1,0.060086645,0.027169233,0.060086645,0.037892424,0.0031651332,0,1.1030633916440218
00674.jpg,1,3,0.99788433,0.99566853,0.99788433,0.9967269,0.9996234208,0,1.3633153737582109
00675.jpg,1,3,0.5152541,0.9738444,0.5152541,0.9390248,0.9885129604,1,1.2240072029376687
00676.jpg,1,1,0.9012275,0.96691406,0.9012275,0.9759464,0.9921367717,1,0.6602956299777879
00677.jpg,0,1,0.23335674,0.5343695,0.23335674,0.19314738,0.0992075686,0,1.4315907005024897
00678.jpg,0,4,0.0034834244,0.10302443,0.0034834244,0.0061450917,0.0065424756,0,1.538479300308862
00679.jpg,0,2,0.005384938,0.002981033,0.005384938,0.019719126,0.0036749768,0,0.9840419082762256
00680.jpg,1,4,0.9926542,0.9985221,0.9926542,0.987375,0.9994215179,1,1.0650092424362114
00681.jpg,0,4,0.003324437,0.0038844766,0.003324437,0.001032231,0.0019355973,1,1.5505689957541071
00682.jpg,0,3,0.004681823,0.021450732,0.004681823,0.0018386653,0.0044807744,0,1.5151239962210676
00683.jpg,1,4,0.98657167,0.9785493,0.98657167,0.98173577,0.9988989198,1,1.1226580996054176
00684.jpg,1,3,0.979354,0.9184803,0.979354,0.9678993,0.9967224221,0,1.5898396471198757
00685.jpg,1,1,0.3473157,0.0015978456,0.3473157,0.28101084,0.2296131486,0,1.2822823573762252
00686.jpg,1,1,0.98087597,0.98951083,0.98087597,0.9926542,0.9994633871,1,0.8041199183383632
00687.jpg,1,1,0.99029154,0.98102194,0.99029154,0.9928786,0.9988171442,1,1.9709109356466727
00688.jpg,1,3,0.9952448,0.9843364,0.9952448,0.9966234,0.9994900102,0,1.9021524888465584
00689.jpg,1,0,0.9953904,0.9678993,0.9953904,0.99509466,0.9990621397,0,1.2191336911010202
00690.jpg,1,1,0.9953181,0.9531007,0.9953181,0.9898303,0.997608647,1,1.554968182937844
00691.jpg,1,2,0.9964064,0.9974491,0.9964064,0.98582757,0.998943723,0,1.1854644584252785
00692.jpg,0,4,0.0035936027,0.004070138,0.0035936027,0.0018675659,0.0010162417,0,1.2227105390365254
00693.jpg,1,3,0.9926542,0.9890131,0.9926542,0.99371004,0.9996874043,1,1.3345993322203673
00694.jpg,1,1,0.9956006,0.99497885,0.9956006,0.99390244,0.9987528618,1,1.516973085007006
00695.jpg,0,2,0.056652427,0.020488555,0.056652427,0.0930168,0.0513885903,1,1.376372120730739
00696.jpg,0,3,0.16885696,0.035948325,0.16885696,0.11596071,0.0216963845,0,0.8370549367566549
00697.jpg,0,2,0.085403666,0.063714996,0.085403666,0.14903529,0.1704845447,0,1.2897482453819695
00698.jpg,0,4,0.01518905,0.013636835,0.01518905,0.01395571,0.0038409906,1,0.7831651412548936
00699.jpg,1,3,0.96432143,0.91964257,0.96432143,0.9744348,0.9888943664,1,1.3153416149068324
00700.jpg,0,1,0.2635994,0.009559399,0.2635994,0.16721867,0.1341625689,1,1.1144395141959198
00701.jpg,0,2,0.12852514,0.0038244838,0.12852514,0.043691058,0.0458911693,0,1.037551667875272
00702.jpg,0,0,0.035410725,0.023153411,0.035410725,0.009708477,0.0152891594,1,1.1612593769345616
00703.jpg,0,3,0.010013571,0.124213,0.010013571,0.012053779,0.0350913729,1,1.9208415737207196
00704.jpg,0,4,0.0021157037,0.010986944,0.0021157037,0.0023967307,0.0018052191,1,1.1648571593178676
00705.jpg,0,1,0.13986564,0.03904829,0.13986564,0.18417986,0.2607917016,1,2.023255240793201
00706.jpg,1,2,0.9961755,0.9939964,0.9961755,0.98677725,0.997855638,1,1.145443042099318
00707.jpg,0,0,0.06052939,0.010013571,0.06052939,0.13409412,0.0215917981,1,0.7880495548858034
00708.jpg,0,3,0.22644132,0.20055768,0.22644132,0.13892843,0.3083878976,0,1.2554337260677466
00709.jpg,0,2,0.051082738,0.938576,0.051082738,0.009708477,0.0181752322,1,0.6150943764327171
00710.jpg,1,4,0.99029154,0.9522199,0.99029154,0.9785493,0.9954131081,1,1.4939364623796916
00711.jpg,0,1,0.020804489,0.008315779,0.020804489,0.019719126,0.0161972696,0,1.254785245575661
00712.jpg,0,0,0.039342504,0.15456733,0.039342504,0.029986508,0.032251475,1,1.2563816644993495
00713.jpg,1,4,0.997783,0.99944717,0.997783,0.9965166,0.9997713431,0,1.486957683926725
00714.jpg,1,0,0.9965166,0.99242276,0.9965166,0.9961755,0.999142937,0,0.7741367358433344
00715.jpg,1,3,0.9738444,0.9912209,0.9738444,0.9838472,0.9957614543,1,0.7297275643061288
00716.jpg,1,2,0.9984988,0.9939964,0.9984988,0.99821776,0.999777164,1,3.294720563139932
00717.jpg,1,0,0.98866826,0.9539661,0.98866826,0.98975134,0.9972057673,0,1.0017964306726808
00718.jpg,0,3,0.097734325,0.78727776,0.097734325,0.11201596,0.0781593671,1,3.5213398642865874
00719.jpg,1,3,0.9942697,0.9874721,0.9942697,0.9961755,0.9984067872,0,1.21543901416325
00720.jpg,1,4,0.9991704,0.98951083,0.9991704,0.9981324,0.9996249891,1,1.405103468870559
00721.jpg,0,1,0.021615334,0.0023596606,0.021615334,0.017442483,0.0057942473,1,1.4717404509078011
00722.jpg,1,1,0.97838473,0.9850429,0.97838473,0.9802808,0.9962584947,0,1.2363328912466844
00723.jpg,1,3,0.9943581,0.9976404,0.9943581,0.9683812,0.9982711731,0,1.5445948388392408
00724.jpg,1,0,0.9978173,0.9811669,0.9978173,0.99954176,0.999354491,0,1.6553429079690494
00725.jpg,0,4,0.0011160143,0.021125194,0.0011160143,0.0011160143,0.0012109823,1,1.0930428965131609
00726.jpg,1,1,0.7371582,0.891811,0.7371582,0.7337381,0.9748096458,1,1.1832623447877562
00727.jpg,0,2,0.0021157037,0.020964239,0.0021157037,0.0030278354,0.0027352608,1,0.8185592542987988
00728.jpg,0,2,0.04885778,0.0063883206,0.04885778,0.042722195,0.0116212446,1,0.5475132600258732
00729.jpg,1,0,0.8774768,0.12635334,0.8774768,0.88563144,0.6199484085,1,0.5950574189379699
00730.jpg,0,3,0.021781173,0.24400255,0.021781173,0.0071214284,0.0028623109,0,1.0266905975468257
00731.jpg,1,1,0.89552265,0.69616497,0.89552265,0.9329437,0.9900987392,1,1.2838166368365589
00732.jpg,1,2,0.99788433,0.9814534,0.99788433,0.99711037,0.9997666217,0,0.949280877999622
00733.jpg,0,1,0.037892424,0.002434382,0.037892424,0.051082738,0.0198364646,1,1.28004369825207
00734.jpg,0,1,0.011869121,0.012722709,0.011869121,0.005554925,0.005360562,0,0.929498427747868
00735.jpg,0,0,0.23921603,0.04304285,0.23921603,0.06560483,0.0441620148,0,0.5586239126662184
00736.jpg,1,4,0.99187535,0.9978173,0.99187535,0.98926485,0.9993763418,0,1.3607352983652017
00737.jpg,1,0,0.9563089,0.97462875,0.9563089,0.95976204,0.9583194888,0,3.386672687861272
00738.jpg,1,0,0.87147486,0.39047584,0.87147486,0.94165415,0.9602076847,0,1.3550513049297346
00739.jpg,1,2,0.9859364,0.99580115,0.9859364,0.97997653,0.9989396785,0,1.1295638827821697
00740.jpg,0,3,0.02017732,0.03904829,0.02017732,0.037047174,0.0655684066,1,0.9076356791465264
00741.jpg,0,1,0.02211659,0.0074606435,0.02211659,0.017442483,0.0069818113,0,0.882177909609257
00742.jpg,0,1,0.019419348,0.014957087,0.019419348,0.015424551,0.0104323726,1,1.2196432329343678
00743.jpg,0,3,0.07477004,0.563378,0.07477004,0.04084572,0.2776378465,0,1.0884827951920812
00744.jpg,1,3,0.13568954,0.3600389,0.13568954,0.03308598,0.084857785,1,0.5019529123023484
00745.jpg,1,4,0.9863631,0.99477994,0.9863631,0.99193794,0.9980946078,1,1.7549139451223812
00746.jpg,1,2,0.99939287,0.97903574,0.99939287,0.99913067,0.9997193725,1,1.315979606171434
00747.jpg,1,4,0.9879462,0.9927672,0.9879462,0.99094474,0.9964422192,1,1.0789922152648503
00748.jpg,0,0,0.047425874,0.031143833,0.047425874,0.039638843,0.0147718357,0,0.8003925201324046
00749.jpg,1,3,0.8086723,0.9905874,0.8086723,0.9161096,0.973585868,1,1.0548456411644795
00750.jpg,1,4,0.99444515,0.99948066,0.99444515,0.9950177,0.9998159846,0,1.0072156832298138
00751.jpg,1,0,0.9554855,0.9403531,0.9554855,0.888372,0.9694839532,1,1.4789710800279168
00752.jpg,0,2,0.15405756,0.6361271,0.15405756,0.071073666,0.3530702597,1,2.1896753065385584
00753.jpg,1,0,0.99923277,0.9986541,0.99923277,0.99861145,0.9999116051,0,1.1225556105773993
00754.jpg,0,1,0.0140636265,0.0001355208,0.0140636265,0.013636835,0.0037461828,0,1.4473542649413598
00755.jpg,1,1,0.9813107,0.8778961,0.9813107,0.9845754,0.9982611829,1,2.6056713000985545
00756.jpg,1,1,0.9953181,0.9933589,0.9953181,0.9914225,0.9991423371,1,1.1480320318587134
00757.jpg,1,3,0.26511872,0.0038244838,0.26511872,0.5535053,0.9661468973,0,1.7158701557406737
00758.jpg,0,2,0.018546565,0.04885778,0.018546565,0.005641909,0.0216206462,0,1.2919225170619957
00759.jpg,1,1,0.9838472,0.98571813,0.9838472,0.9905874,0.9995071653,0,0.911052250313485
00760.jpg,1,1,0.9073123,0.4007494,0.9073123,0.96210754,0.2632197877,1,0.9452156199402372
00761.jpg,1,2,0.9309621,0.8044059,0.9309621,0.9235924,0.997339618,0,0.9277602331861018
00762.jpg,0,2,0.007815889,0.0012843083,0.007815889,0.025371313,0.0077209068,1,0.8675314100405805
00763.jpg,0,4,0.013428255,0.052037824,0.013428255,0.026355354,0.0129787334,0,1.19852447951041
00764.jpg,1,1,0.9918121,0.8879841,0.9918121,0.99390244,0.9997445854,0,1.989396501457726
00765.jpg,0,3,0.0094125895,0.8499712,0.0094125895,0.024053553,0.0558793096,1,1.7940811965811967
00766.jpg,1,0,0.9994967,0.9980122,0.9994967,0.9969246,0.9988807211,1,0.8441210029581632
00767.jpg,0,2,0.1480472,0.04535258,0.1480472,0.13296424,0.0656861108,0,1.4661836344151868
00768.jpg,1,1,0.9850429,0.9780517,0.9850429,0.9871788,0.9856984344,0,1.1091575083619305
00769.jpg,1,3,0.938576,0.67017674,0.938576,0.9549844,0.9846494002,0,1.0347880912211298
00770.jpg,0,2,0.045692034,0.13939638,0.045692034,0.013848611,0.0053335231,0,0.9222803814629936
00771.jpg,0,3,0.005384938,0.01798621,0.005384938,0.0069038384,0.0056337335,0,1.2795829087140511
00772.jpg,0,3,0.033589505,0.648689,0.033589505,0.05623634,0.056796324,0,1.1723929785957192
00773.jpg,1,4,0.90829307,0.882022,0.90829307,0.67168593,0.9340969279,0,0.9603350031308704
00774.jpg,0,2,0.005220126,0.006692851,0.005220126,0.027169233,0.0078831975,1,1.1398677634609748
00775.jpg,1,3,0.9840936,0.98102194,0.9840936,0.9966756,0.9986657898,0,3.2252639804307943
00776.jpg,1,3,0.9927672,0.9314625,0.9927672,0.9942697,0.9992634424,1,1.1959238419386031
00777.jpg,1,2,0.9980122,0.9988305,0.9980122,0.9953181,0.9989637697,1,1.9894944846483524
00778.jpg,1,0,0.9992206,0.99942076,0.9992206,0.9992679,0.9999034325,0,1.474139344262295
00779.jpg,1,4,0.9736447,0.82976806,0.9736447,0.9755769,0.9951948279,1,1.7046763583657492
00780.jpg,1,3,0.7394224,0.41478032,0.7394224,0.79438496,0.8209161151,1,0.7622434608481787
00781.jpg,1,4,0.46247303,0.1187934,0.46247303,0.6466834,0.1566782204,1,0.694792623259315
00782.jpg,1,1,0.992062,0.61462533,0.992062,0.9845754,0.9978163575,0,0.885859375
00783.jpg,1,0,0.99818975,0.9997131,0.99818975,0.99955577,0.9992701986,1,1.503363666446062
00784.jpg,1,4,0.90087914,0.9850429,0.90087914,0.91789335,0.9984194235,1,1.1513301907006643
00785.jpg,1,1,0.9965166,0.98549646,0.9965166,0.9884919,0.9996325254,0,1.1275193253689388
00786.jpg,0,4,0.0063883206,0.00014425986,0.0063883206,0.009125638,0.004247073,0,1.4419944476914086
00787.jpg,1,4,0.99967504,0.99788433,0.99967504,0.9990601,0.9997944833,1,1.4140968374392635
00788.jpg,1,2,0.8433798,0.8539127,0.8433798,0.9518632,0.9969396808,0,2.649715338073426
00789.jpg,0,4,0.13117322,0.051082738,0.13117322,0.085709274,0.0796003151,1,1.2574450377182813
00790.jpg,0,1,0.0145035805,0.91367656,0.0145035805,0.012053779,0.0045407514,0,1.0620440182245736
00791.jpg,0,0,0.031618766,0.021287352,0.031618766,0.020023441,0.0201099586,1,0.766617062299953
00792.jpg,1,3,0.97997653,0.8178656,0.97997653,0.979354,0.9908454453,0,0.9506772991269606
00793.jpg,0,3,0.017712297,0.010013571,0.017712297,0.010013571,0.0074516042,0,0.6506031752763876
00794.jpg,0,3,0.019271135,0.7570767,0.019271135,0.03461884,0.0377773891,0,0.7567371064778428
00795.jpg,0,1,0.010328153,0.01150815,0.010328153,0.0145035805,0.0026767866,1,1.0289582112608533
00796.jpg,0,3,0.0023596606,0.37845907,0.0023596606,0.0030753699,0.0012065034,0,1.1309798414072645
00797.jpg,0,0,0.004905406,0.46587348,0.004905406,0.007066401,0.0027328974,0,0.6403284779028824
00798.jpg,1,1,0.8221891,0.9802808,0.8221891,0.722527,0.8900579858,0,1.1902073170731708
00799.jpg,1,0,0.99394965,0.98998636,0.99394965,0.9967269,0.9977325694,1,0.9742612032681356
00800.jpg,1,1,0.7053793,0.3382957,0.7053793,0.659734,0.8312676738,0,1.8488249751213772
00801.jpg,0,4,0.0007916296,0.00019110431,0.0007916296,0.0008040859,0.0006701145,0,2.042893741403026
00802.jpg,1,4,0.9026096,0.30735803,0.9026096,0.97023994,0.9876263368,0,1.8581198489010988
00803.jpg,1,2,0.99029154,0.96432143,0.99029154,0.9896718,0.9987234978,1,0.8563292116741861
00804.jpg,1,1,0.62977463,0.1732882,0.62977463,0.8365546,0.951097961,1,0.9985118204071116
00805.jpg,0,3,0.0023596606,0.0025909792,0.0023596606,0.0018102109,0.0011590612,1,1.2282007786429363
00806.jpg,0,1,0.017712297,0.13753247,0.017712297,0.013636835,0.0192982119,0,1.9666264111315304
00807.jpg,0,1,0.016152835,0.025957357,0.016152835,0.008847355,0.0056911493,0,1.3833985773829325
00808.jpg,1,4,0.98445636,0.96765566,0.98445636,0.99469805,0.9983258954,0,1.2901892651078046
00809.jpg,1,1,0.9883128,0.9722044,0.9883128,0.9908744,0.9986057807,0,1.6454064587973274
00810.jpg,0,2,0.038466193,0.6531269,0.038466193,0.07369627,0.1295213946,1,1.146522868223019
00811.jpg,0,0,0.40922078,0.04304285,0.40922078,0.5486735,0.0531483094,1,1.966287188381938
00812.jpg,1,3,0.73411953,0.9603612,0.73411953,0.8879841,0.9821269143,1,0.991546564104438
00813.jpg,1,4,0.9993013,0.97068775,0.9993013,0.999089,0.999759513,0,0.6874693442048603
00814.jpg,0,3,0.0030753699,0.0020190137,0.0030753699,0.0025909792,0.0004137805,0,1.1363649901003277
00815.jpg,0,3,0.20850107,0.029535336,0.20850107,0.12592277,0.0077889447,0,1.1902212066955362
00816.jpg,0,0,0.0153063545,0.0075772405,0.0153063545,0.009125638,0.0130087086,1,0.9017223413166
00817.jpg,0,3,0.0111580305,0.019124037,0.0111580305,0.005220126,0.0037848796,1,0.9601832203994294
00818.jpg,1,1,0.93439513,0.423458,0.93439513,0.9158089,0.9952192942,0,1.3962507726781024
00819.jpg,0,1,0.08035747,0.6798167,0.08035747,0.1666754,0.4858877058,1,1.1298955555555557
00820.jpg,1,4,0.98803884,0.18068422,0.98803884,0.97997653,0.9972345519,1,0.7323040896289948
00821.jpg,1,4,0.9755769,0.6984323,0.9755769,0.9838472,0.9962954906,1,1.5694875365547976
00822.jpg,0,1,0.012241276,0.0076956474,0.012241276,0.017442483,0.0032376098,1,1.0248029655356663
00823.jpg,1,0,0.99877447,0.994615,0.99877447,0.9985896,0.9985457456,1,1.2641972232111072
00824.jpg,1,3,0.98228765,0.91490096,0.98228765,0.9856076,0.9980243283,1,2.173160144689247
00825.jpg,1,4,0.99896777,0.9914225,0.99896777,0.99847525,0.9998699014,0,1.4185594268076138
00826.jpg,1,4,0.98707956,0.7367796,0.98707956,0.9881309,0.9933964229,1,1.2123459546264668
00827.jpg,0,0,0.14151855,0.11516223,0.14151855,0.109705776,0.0258856206,0,0.8094759856196477
00828.jpg,0,4,0.014172365,0.068537496,0.014172365,0.012431651,0.0009498304,1,1.0099614969413455
00829.jpg,0,4,0.0042646346,0.0064882697,0.0042646346,0.005220126,0.0011540752,0,1.4926724211197282
00830.jpg,0,3,0.11124121,0.012241276,0.11124121,0.0963651,0.0222332188,1,0.806446525096525
00831.jpg,0,2,0.0930168,0.37662312,0.0930168,0.049958523,0.3120728889,1,1.89152360885459
00832.jpg,0,2,0.0038844766,0.009859855,0.0038844766,0.0018102109,0.0071697191,1,1.604844276803776
00833.jpg,1,3,0.61970145,0.47755417,0.61970145,0.61277324,0.9899709776,0,1.0219649924161858
00834.jpg,1,1,0.9863631,0.9877587,0.9863631,0.9888419,0.9972923108,0,0.9938753824450836
00835.jpg,0,3,0.0075772405,0.0025114636,0.0075772405,0.005641909,0.0019791195,1,0.914822188449848
00836.jpg,0,2,0.06052939,0.24364245,0.06052939,0.05300977,0.0530653007,1,1.1192879834254144
00837.jpg,0,2,0.0034834244,0.04084572,0.0034834244,0.0062899017,0.0193145914,1,1.1948100712589074
00838.jpg,0,0,0.020645931,0.020964239,0.020645931,0.015424551,0.0253842373,0,1.7757330292123543
00839.jpg,1,4,0.98934746,0.9968273,0.98934746,0.98926485,0.9995955635,1,2.122583431332041
00840.jpg,1,4,0.9949397,0.9881309,0.9949397,0.997917,0.9997767909,1,1.0731916394882086
00841.jpg,1,0,0.99361163,0.99193794,0.99361163,0.9939964,0.9962277812,0,1.8451192960819656
00842.jpg,0,1,0.041462272,0.066085376,0.041462272,0.1289633,0.0181742443,1,0.8447092943750569
00843.jpg,0,2,0.049589027,0.34853423,0.049589027,0.02931223,0.0151290745,1,1.037727733619263
00844.jpg,0,1,0.0061929906,0.057493277,0.0061929906,0.0016743995,0.0015314931,1,0.9032493264707064
00845.jpg,1,1,0.9953181,0.92788786,0.9953181,0.9921841,0.9994621344,1,1.3983550510478238
00846.jpg,1,1,0.86431044,0.47256178,0.86431044,0.8524448,0.9978945048,0,1.0130280310497783
00847.jpg,1,2,0.9981614,0.9830851,0.9981614,0.9884919,0.9974239479,0,1.3599929852070396
00848.jpg,0,0,0.18802561,0.15152934,0.18802561,0.4843801,0.0846550814,1,0.9853967023863608
00849.jpg,0,2,0.04813677,0.3090237,0.04813677,0.020645931,0.0403351303,0,1.2709406358381503
00850.jpg,0,4,0.013428255,0.07978202,0.013428255,0.027795624,0.0022641714,0,0.819329735609103
00851.jpg,0,2,0.025565213,0.46083477,0.025565213,0.025178842,0.0184817199,0,1.4848123609394313
00852.jpg,1,2,0.9941801,0.9997131,0.9941801,0.99101454,0.9977889422,0,1.803185159803128
00853.jpg,1,4,0.9941347,0.9049869,0.9941347,0.9826909,0.9858004142,0,0.8032896639355037
00854.jpg,1,1,0.9830851,0.990732,0.9830851,0.96432143,0.9990475521,1,1.2632636782384
00855.jpg,1,2,0.98998636,0.94165415,0.98998636,0.9933072,0.9928193925,0,0.782658290587532
00856.jpg,1,2,0.77390057,0.8044059,0.77390057,0.78199726,0.8887286096,1,1.2082777263408504
00857.jpg,1,4,0.99954176,0.99871576,0.99954176,0.9990601,0.9999090118,0,1.848507474682527
00858.jpg,0,1,0.032589745,0.04084572,0.032589745,0.08694165,0.0359626439,1,2.1916099914031903
00859.jpg,0,2,0.005220126,0.019568676,0.005220126,0.004681823,0.0050011822,0,1.0689575162183764
00860.jpg,0,1,0.012821214,0.04813677,0.012821214,0.028870907,0.0054374637,1,1.165496139097547
00861.jpg,1,0,0.96323055,0.9763105,0.96323055,0.99094474,0.9974838354,1,1.22448753397252
00862.jpg,0,0,0.0064882697,0.044018652,0.0064882697,0.009125638,0.050927522,1,0.7027913055764883
00863.jpg,1,2,0.97997653,0.9905874,0.97997653,0.9881309,0.9991768531,1,1.5525363595229629
00864.jpg,1,4,0.9802808,0.99771273,0.9802808,0.98657167,0.9996549153,0,1.52893178883517
00865.jpg,0,0,0.0071214284,0.11201596,0.0071214284,0.012431651,0.0023593306,1,0.7777740527138469
00866.jpg,0,3,0.0033766124,0.03410043,0.0033766124,0.0072327633,0.0042269942,1,1.3069483616149795
00867.jpg,0,1,0.7217432,0.20181322,0.7217432,0.37479067,0.8218219319,1,3.414813934820999
00868.jpg,1,1,0.99611557,0.96432143,0.99611557,0.9881309,0.9981488161,1,1.9733263046916183
00869.jpg,0,1,0.012053779,0.0027149853,0.012053779,0.0034296035,0.0023463492,1,0.8582031312725812
00870.jpg,0,4,0.017576883,0.030675799,0.017576883,0.032589745,0.0158706331,0,1.162532911125589
00871.jpg,0,2,0.044680875,0.026759284,0.044680875,0.051845472,0.0184526636,0,0.9796862161691108
00872.jpg,1,1,0.97023994,0.80889887,0.97023994,0.9869795,0.9983988707,0,0.7408774238227147
00873.jpg,1,3,0.83815056,0.079495706,0.83815056,0.9124362,0.8153658114,1,0.97489112509162
00874.jpg,0,0,0.04867657,0.066085376,0.04867657,0.027585285,0.0204306986,0,1.9624390628283253
00875.jpg,1,1,0.99845123,0.99657035,0.99845123,0.99886644,0.9999137179,0,1.4492447607306955
00876.jpg,1,0,0.0726367,0.71977776,0.0726367,0.07531231,0.5265823288,1,1.2330273547659334
00877.jpg,0,4,0.012053779,0.32167304,0.012053779,0.0226292,0.0066805404,0,1.821109214103744
00878.jpg,0,1,0.029090757,0.005220126,0.029090757,0.010169658,0.0264620383,1,1.7035351201478743
00879.jpg,1,3,0.96538115,0.9974491,0.96538115,0.98159516,0.9974914557,0,1.1648414726942813
00880.jpg,1,3,0.87191176,0.82782817,0.87191176,0.95695716,0.8480859144,1,1.091932979931844
00881.jpg,1,4,0.9740426,0.99818975,0.9740426,0.96814114,0.9971244319,0,1.632606181749886
00882.jpg,1,0,0.9943581,0.9891816,0.9943581,0.99701905,0.9991739988,0,1.2306442356414269
00883.jpg,1,2,0.9830851,0.99605453,0.9830851,0.9730365,0.9973173444,1,1.6144945916304674
00884.jpg,1,2,0.9324533,0.40768707,0.9324533,0.9724148,0.9941000424,1,2.2446694510739857
00885.jpg,0,0,0.07978202,0.30074558,0.07978202,0.07477004,0.0157375153,1,0.5796449595290655
00886.jpg,0,4,0.002673006,0.020023441,0.002673006,0.013636835,0.0015286692,0,0.8694214826600315
00887.jpg,1,3,0.98866826,0.997783,0.98866826,0.9926542,0.9992259785,0,0.8938433172787477
00888.jpg,0,4,0.017442483,0.01883313,0.017442483,0.031858858,0.0079875754,1,1.0108816726707055
00889.jpg,0,1,0.47317034,0.05877656,0.47317034,0.49932864,0.3619390286,0,1.1169693535672054
00890.jpg,0,2,0.2107663,0.42823339,0.2107663,0.3093366,0.0386905889,0,1.3173518721370243
00891.jpg,1,0,0.9511422,0.91117966,0.9511422,0.9811669,0.9932390207,1,1.4713963926073683
00892.jpg,1,2,0.43758312,0.09268778,0.43758312,0.6543428,0.9578181833,0,2.764015161126617
00893.jpg,0,1,0.10158944,0.93439513,0.10158944,0.008847355,0.0043906511,0,2.1852929040113644
00894.jpg,1,2,0.9635062,0.62658125,0.9635062,0.73791426,0.9973635923,0,1.7534996712058524
00895.jpg,1,2,0.891811,0.9927672,0.891811,0.7937462,0.9932697566,0,3.277541013594177
00896.jpg,1,3,0.9257686,0.99719906,0.9257686,0.9566342,0.9863120459,1,1.2876431092807767
00897.jpg,1,3,0.93581736,0.920218,0.93581736,0.91490096,0.9874232852,0,1.1727241966941824
00898.jpg,1,4,0.99029154,0.99687636,0.99029154,0.99029154,0.9994243812,0,2.702088194844949
00899.jpg,0,3,0.30611202,0.94966936,0.30611202,0.64556694,0.7847857999,0,1.7621837795781257
00900.jpg,0,0,0.008916127,0.09041373,0.008916127,0.008124709,0.0077910526,0,1.408912070200573
00901.jpg,1,4,0.98549646,0.9980122,0.98549646,0.9850429,0.9996563886,0,1.151705948625507
00902.jpg,1,2,0.9811669,0.99719906,0.9811669,0.8940517,0.9943429398,0,1.5255463038180344
00903.jpg,0,3,0.008577485,0.053403333,0.008577485,0.014281934,0.0150486644,1,1.5376953341173214
00904.jpg,1,0,0.97324073,0.99711037,0.97324073,0.96691406,0.9977259408,0,1.9658283546579256
00905.jpg,0,3,0.13614832,0.06233104,0.13614832,0.2782568,0.0615169633,1,1.255617105171331
00906.jpg,1,0,0.9905874,0.34246156,0.9905874,0.998103,0.9978805,0,2.0567984773691164
00907.jpg,0,3,0.024237636,0.060307633,0.024237636,0.013742321,0.0084793811,0,1.35953185294324
00908.jpg,0,0,0.019124037,0.039342504,0.019124037,0.016529558,0.0181205275,0,1.0253394366197184
00909.jpg,1,2,0.9795115,0.9802808,0.9795115,0.908618,0.990077456,0,1.3699510460251043
00910.jpg,0,2,0.030675799,0.0047552,0.030675799,0.04885778,0.036940731,0,2.548174860981116
00911.jpg,1,3,0.9837225,0.93195957,0.9837225,0.99298817,0.9966844175,0,1.0377152437324764
00912.jpg,0,3,0.019419348,0.012431651,0.019419348,0.06325052,0.0111555868,1,0.7572818311496197
00913.jpg,1,2,0.9005298,0.96741027,0.9005298,0.9433476,0.9963522343,1,1.165568712815668
00914.jpg,0,1,0.014957087,0.006692851,0.014957087,0.011331755,0.0190424573,1,1.3385374399547894
00915.jpg,0,3,0.0069038384,0.005220126,0.0069038384,0.015424551,0.0034671615,1,0.7863990544291874
00916.jpg,0,4,0.008711384,0.016403032,0.008711384,0.0140636265,0.0056693044,1,1.627290569620253
00917.jpg,0,4,0.010986944,0.0075772405,0.010986944,0.01150815,0.0026032619,0,1.2483147544049202
00918.jpg,0,1,0.04672496,0.019870713,0.04672496,0.088820286,0.0127968302,0,2.320497557315281
00919.jpg,1,3,0.9916842,0.99629277,0.9916842,0.9930962,0.9990644532,0,1.5515255520951303
00920.jpg,0,3,0.0061929906,0.002889581,0.0061929906,0.0061929906,0.0021886503,0,1.4823819238377842
00921.jpg,1,1,0.9952448,0.93257624,0.9952448,0.97997653,0.9990163423,1,1.6456846524532711
00922.jpg,1,0,0.9943141,0.9989183,0.9943141,0.9951703,0.9990026457,1,1.5256254294718383
00923.jpg,1,0,0.89029425,0.97821885,0.89029425,0.8233284,0.987030561,0,1.3202035361842104
00924.jpg,1,1,0.96295285,0.98469365,0.96295285,0.96765566,0.9853384162,0,0.7783341747076491
00925.jpg,0,0,0.061875984,0.09268778,0.061875984,0.0460339,0.0279572062,1,1.1203255174021445
00926.jpg,1,3,0.9651191,0.7577944,0.9651191,0.9546474,0.9120218751,1,0.9209231476824522
00927.jpg,1,2,0.4520521,0.06560483,0.4520521,0.6199316,0.8236818435,0,1.1822082416871522
00928.jpg,1,2,0.7826625,0.16344544,0.7826625,0.909907,0.9079640955,0,1.3016068043972706
00929.jpg,0,0,0.32680833,0.037892424,0.32680833,0.12064587,0.0072284471,0,1.3970375750223472
00930.jpg,1,3,0.9763105,0.994089,0.9763105,0.9845754,0.9880924169,0,1.0743114805520704
00931.jpg,1,0,0.93991333,0.7981868,0.93991333,0.9511422,0.8601747078,0,1.944420634195376
00932.jpg,1,4,0.9522199,0.99944717,0.9522199,0.98087597,0.9886383766,0,0.9357584976068792
00933.jpg,0,1,0.4380639,0.9257686,0.4380639,0.35131106,0.8658997167,1,0.7859340258476931
00934.jpg,1,0,0.8418256,0.9658996,0.8418256,0.9032942,0.9966388927,0,2.497957563809919
00935.jpg,0,3,0.0025509123,0.020804489,0.0025509123,0.0020507434,0.0020649734,0,1.117281788658506
00936.jpg,0,1,0.045015533,0.0005193048,0.045015533,0.012431651,0.0230324727,1,1.6153512396694214
00937.jpg,0,2,0.0015487612,0.06656919,0.0015487612,0.004905406,0.0017444191,0,0.8762286598996539
00938.jpg,1,4,0.9996018,0.94891727,0.9996018,0.9986749,0.9999508872,1,1.087352783537764
00939.jpg,0,0,0.068537496,0.008577485,0.068537496,0.12085323,0.0120500356,0,1.3061633060740372
00940.jpg,0,2,0.004331502,0.04054074,0.004331502,0.017442483,0.0043676124,1,0.9056506302148056
00941.jpg,0,2,0.325735,0.0039454065,0.325735,0.14128143,0.0616253363,0,1.5399871743620497
00942.jpg,1,4,0.89733595,0.82275945,0.89733595,0.96538115,0.9892988472,0,1.1615459345017956
00943.jpg,1,3,0.9981324,0.99760324,0.9981324,0.99824536,0.9997129628,1,2.398794886165977
00944.jpg,0,3,0.033844035,0.5083,0.033844035,0.03021459,0.0030896744,1,0.9926280853103282
00945.jpg,1,0,0.9982993,0.97887486,0.9982993,0.99893504,0.9993248586,1,1.5174078564500484
00946.jpg,1,4,0.997851,0.9968273,0.997851,0.99351174,0.9997236753,0,1.039697738686791
00947.jpg,0,2,0.005384938,0.017712297,0.005384938,0.009859855,0.0106501524,0,0.7480058404647386
00948.jpg,0,0,0.08181272,0.23161423,0.08181272,0.07185127,0.2601373844,0,1.1088698223324036
00949.jpg,0,1,0.01566365,0.12336561,0.01566365,0.013636835,0.0135553017,0,1.1013944245620644
00950.jpg,1,0,0.9930962,0.8146434,0.9930962,0.9850429,0.9988869939,1,0.8599652958840559
00951.jpg,1,2,0.9904406,0.31531414,0.9904406,0.9943581,0.9904979569,0,1.4935411979493234
00952.jpg,0,2,0.9167081,0.9572778,0.9167081,0.9591543,0.9034448925,0,1.0083350370559674
00953.jpg,1,4,0.999089,0.9969246,0.999089,0.9927672,0.9997596184,1,0.996742119984222
00954.jpg,0,3,0.004198795,0.48060057,0.004198795,0.0034296035,0.0075790546,1,0.7911787391841779
00955.jpg,0,4,0.0021157037,0.0071214284,0.0021157037,0.0063883206,0.0013633316,1,0.998607828424936
00956.jpg,1,1,0.95257413,0.99553156,0.95257413,0.95150405,0.9993620688,1,0.9442741438988688
00957.jpg,0,1,0.024053553,0.088820286,0.024053553,0.011597362,0.0144106342,1,1.5125993841284775
00958.jpg,0,3,0.031380434,0.0013250224,0.031380434,0.048496004,0.0510197806,1,1.598467093088744
00959.jpg,1,4,0.98481095,0.94539934,0.98481095,0.9916196,0.9987977732,0,0.8396183092160721
00960.jpg,1,2,0.99586606,0.99788433,0.99586606,0.997285,0.999763571,1,1.3586025744982768
00961.jpg,1,3,0.8697146,0.7814974,0.8697146,0.92683524,0.996280798,0,1.7495771344965263
00962.jpg,0,3,0.14128143,0.9079672,0.14128143,0.37731123,0.0195487505,1,0.8756487341772152
00963.jpg,0,3,0.02479816,0.004133968,0.02479816,0.029760094,0.0108700573,1,0.7886733585658485
00964.jpg,1,2,0.8000679,0.8969756,0.8000679,0.8338664,0.9573219249,1,1.5413917788504783
00965.jpg,0,3,0.01150815,0.00044421837,0.01150815,0.0140636265,0.0078787752,0,1.0193859680461872
00966.jpg,1,0,0.9975274,0.96405166,0.9975274,0.9885804,0.999605308,1,1.3251061207722854
00967.jpg,0,0,0.005911069,0.009125638,0.005911069,0.0076362165,0.0018580198,1,1.0860772144574828
00968.jpg,0,2,0.10302443,0.1229438,0.10302443,0.11201596,0.2357428404,1,1.2711602107055444
00969.jpg,0,0,0.0048297225,0.0003459916,0.0048297225,0.0030278354,0.0115871846,0,1.4220351243574236
00970.jpg,1,3,0.99580115,0.9974491,0.99580115,0.9964064,0.9993255493,1,1.230598084683491
00971.jpg,1,4,0.983597,0.641647,0.983597,0.9736447,0.9977695592,1,0.7128740749876665
00972.jpg,1,0,0.98215127,0.4450471,0.98215127,0.9390248,0.9899689692,0,1.9304919013436408
00973.jpg,0,3,0.0030753699,0.025565213,0.0030753699,0.0042646346,0.0013916907,0,0.8069932283232738
00974.jpg,1,0,0.9740426,0.9425068,0.9740426,0.95292586,0.9896601118,1,2.027850258074607
00975.jpg,0,2,0.008445628,0.0726367,0.008445628,0.0039454065,0.0023712475,1,0.6870101573145051
00976.jpg,1,4,0.99760324,0.9993436,0.99760324,0.9980732,0.9999101641,1,1.1815986729096246
00977.jpg,1,0,0.37090874,0.10706346,0.37090874,0.3376948,0.667391999,0,1.104244548716533
00978.jpg,1,2,0.98571813,0.9966234,0.98571813,0.98866826,0.9994499531,1,1.2370748640137417
00979.jpg,0,2,0.018264279,0.0071214284,0.018264279,0.013636835,0.0037641995,1,0.6459905226480837
00980.jpg,1,1,0.9697854,0.99497885,0.9697854,0.9845754,0.9978764034,1,2.173306479007201
00981.jpg,0,0,0.010652511,0.4741442,0.010652511,0.0064882697,0.0202940399,0,1.0247937322946177
00982.jpg,0,1,0.37456188,0.0007793661,0.37456188,0.5535053,0.2126783299,0,0.9707236521162216
00983.jpg,0,4,0.002889581,0.25757828,0.002889581,0.0064882697,0.0028431839,1,0.980290660696568
00984.jpg,1,1,0.95822614,0.7285552,0.95822614,0.95531917,0.983110979,1,0.8097726874254857
00985.jpg,0,4,0.017576883,0.8872046,0.017576883,0.010489091,0.0100179038,0,1.223570726471585
00986.jpg,1,2,0.9591543,0.9458012,0.9591543,0.9736447,0.9977560708,0,1.079596984872735
00987.jpg,0,1,0.014957087,0.016914913,0.014957087,0.004198795,0.0049360934,0,1.2496007670850766
00988.jpg,1,4,0.98282325,0.9755769,0.98282325,0.98201376,0.9992521933,0,1.528681983414745
00989.jpg,1,2,0.97090924,0.9566342,0.97090924,0.9572778,0.9927021448,1,1.5031176470588237
00990.jpg,0,4,0.0034834244,0.033589505,0.0034834244,0.0064882697,0.0019918357,1,0.8298356318067801
00991.jpg,0,3,0.020964239,0.7759446,0.020964239,0.02615562,0.0257737995,1,0.908294014084507
00992.jpg,1,0,0.9941801,0.9859364,0.9941801,0.9923638,0.999612798,1,1.993774375110796
00993.jpg,1,4,0.9994116,0.99903023,0.9994116,0.9986749,0.9998720211,0,0.7104112498802185
00994.jpg,1,3,0.99477994,0.9941801,0.99477994,0.99453074,0.9992135962,0,2.2271660044232857
00995.jpg,1,4,0.5462541,0.51952136,0.5462541,0.83815056,0.7717436103,0,0.7251739182262487
00996.jpg,0,3,0.029760094,0.11436852,0.029760094,0.03234433,0.0109513467,0,1.199322856305067
00997.jpg,0,0,0.012431651,0.0006070755,0.012431651,0.013848611,0.0109484385,0,0.819704796148455
00998.jpg,0,3,0.03904829,0.088820286,0.03904829,0.02615562,0.0049164609,0,0.836336319424761
00999.jpg,1,1,0.936285,0.23091975,0.936285,0.7360213,0.9801407649,0,1.491401438848921
01000.jpg,1,4,0.9877587,0.95531917,0.9877587,0.9840936,0.9988993474,1,1.7118129125957224
01001.jpg,1,1,0.97737074,0.9439706,0.97737074,0.987375,0.9915147284,0,0.9665890727829544
01002.jpg,1,2,0.99553156,0.99390244,0.99553156,0.993807,0.9992231096,1,0.8653920506912443
01003.jpg,0,2,0.074231364,0.15102781,0.074231364,0.02800752,0.0241238195,1,1.326503735926305
01004.jpg,0,3,0.013636835,0.936285,0.013636835,0.027169233,0.00178388,1,0.3787398373983739
01005.jpg,0,0,0.13986564,0.01566365,0.13986564,0.048496004,0.0997021835,1,1.2167371285469208
01006.jpg,0,1,0.29992476,0.14366761,0.29992476,0.51912516,0.1422828147,1,0.8355262562905696
01007.jpg,1,1,0.99893504,0.8539127,0.99893504,0.9984988,0.9998834924,0,1.6618605678990788
01008.jpg,1,2,0.9871788,0.9905874,0.9871788,0.97462875,0.9961205003,0,2.1779679996305874
01009.jpg,1,3,0.75201255,0.72990495,0.75201255,0.5905431,0.7941817857,1,1.5762731707317073
01010.jpg,1,2,0.99580115,0.76977324,0.99580115,0.99128854,0.9994659941,1,1.140512110686311
01011.jpg,1,3,0.99724233,0.9976404,0.99724233,0.9916842,0.9994429281,1,0.7540052380852006
01012.jpg,1,4,0.9861514,0.99886644,0.9861514,0.992062,0.9977148495,1,1.582277108433735
01013.jpg,1,3,0.98571813,0.9959927,0.98571813,0.971564,0.9993452529,0,1.309646872297492
01014.jpg,0,0,0.011777843,0.0045384313,0.011777843,0.017442483,0.0066547466,0,0.9141126871322888
01015.jpg,1,2,0.9811669,0.99361163,0.9811669,0.9785493,0.9986396947,1,1.2418916829925308
01016.jpg,0,0,0.021948256,0.035410725,0.021948256,0.019124037,0.0146609823,0,0.7939475689153621
01017.jpg,1,3,0.99242276,0.99477994,0.99242276,0.97966766,0.9979102646,0,0.705389289930522
01018.jpg,1,2,0.96432143,0.9572778,0.96432143,0.9339146,0.9911443575,1,0.8071395128333284
01019.jpg,0,2,0.0038244838,0.03308598,0.0038244838,0.006692851,0.0070867033,1,1.3219560063224447
01020.jpg,1,1,0.96691406,0.99351174,0.96691406,0.95292586,0.9978462165,1,1.902262145748988
01021.jpg,0,0,0.03622006,0.035144847,0.03622006,0.21900325,0.0566039172,0,0.4768759790525629
01022.jpg,0,2,0.0045384313,0.074500255,0.0045384313,0.0020190137,0.002941785,0,0.5986585019041496
01023.jpg,1,4,0.84286314,0.3243424,0.84286314,0.6654106,0.8496463238,1,1.9769660630771075
01024.jpg,0,3,0.29746994,0.9309621,0.29746994,0.4423956,0.0390709464,0,0.940575614824092
01025.jpg,1,4,0.99845123,0.99893504,0.99845123,0.99629277,0.9998933388,0,1.306437983594159
01026.jpg,1,0,0.99193794,0.9339146,0.99193794,0.9888419,0.9951139087,1,0.5314912780418811
01027.jpg,0,1,0.051082738,0.037892424,0.051082738,0.06052939,0.0694285775,0,1.2569138103161397
01028.jpg,0,2,0.02017732,0.026861202,0.02017732,0.010986944,0.0037619,0,1.5913913829983892
01029.jpg,1,0,0.99242276,0.98159516,0.99242276,0.99128854,0.9995364086,1,1.221253846153846
01030.jpg,1,1,0.95150405,0.9932025,0.95150405,0.97821885,0.9946049894,0,1.258304161804745
01031.jpg,1,0,0.8656789,0.96691406,0.8656789,0.7994423,0.8649175751,0,1.552882468220339
01032.jpg,0,3,0.004331502,0.000939944,0.004331502,0.004070138,0.0051281531,0,1.3584822776459844
01033.jpg,0,2,0.095013045,0.058345836,0.095013045,0.061875984,0.017458723,1,0.8283172797207318
01034.jpg,0,3,0.0063883206,0.1066906,0.0063883206,0.013020489,0.0064814744,1,1.079339299218553
01035.jpg,1,0,0.05877656,0.035144847,0.05877656,0.05899303,0.1949336732,1,1.2307089858161844
01036.jpg,0,2,0.025565213,0.00045831292,0.025565213,0.016029146,0.0119317178,0,1.2770685416572694
01037.jpg,0,4,0.08151975,0.0034296035,0.08151975,0.24364245,0.0565807364,1,1.4353574269238416
01038.jpg,0,3,0.009559399,0.00091105123,0.009559399,0.042087726,0.013790821,0,0.8232978185495522
01039.jpg,1,1,0.9433476,0.8449215,0.9433476,0.9219218,0.9555170285,1,0.8674574409665019
01040.jpg,0,4,0.027169233,0.0064882697,0.027169233,0.01150815,0.0093844263,0,1.140376293012455
01041.jpg,0,4,0.0011513996,0.007815889,0.0011513996,0.0005884088,0.0013015579,1,1.0553367708669028
01042.jpg,1,4,0.9257686,0.80069196,0.9257686,0.93991333,0.969541258,0,1.7463520756003332
01043.jpg,0,1,0.021948256,0.003172683,0.021948256,0.023330769,0.0076286151,1,0.7315743692449902
01044.jpg,1,4,0.9967269,0.99869555,0.9967269,0.9977482,0.9996955345,0,1.653352628822223
01045.jpg,1,0,0.9036349,0.9916842,0.9036349,0.89029425,0.9852024372,1,0.7349651297946532
01046.jpg,1,0,0.9830851,0.41822165,0.9830851,0.96538115,0.9853575183,1,1.8757790590405905
01047.jpg,0,2,0.10818895,0.9877587,0.10818895,0.16451645,0.6746471375,0,1.1080730131643102
01048.jpg,1,3,0.9219218,0.79692537,0.9219218,0.96267307,0.9804409917,1,1.2927496482229586
01049.jpg,1,4,0.938576,0.41964796,0.938576,0.92468774,0.9820924281,0,1.4161924686192469
01050.jpg,0,1,0.012336101,0.0004373344,0.012336101,0.020804489,0.0043520999,0,1.3064118125971431
01051.jpg,1,4,0.99298817,0.9992679,0.99298817,0.9966756,0.9996711843,1,1.956265051036
01052.jpg,1,1,0.9207897,0.57511085,0.9207897,0.8539127,0.9881220095,1,1.7774860155891794
01053.jpg,0,2,0.005641909,0.012431651,0.005641909,0.0075772405,0.0092228949,0,1.1934916523690116
01054.jpg,1,1,0.9964619,0.97838473,0.9964619,0.99719906,0.9993649933,1,1.4973372132473837
01055.jpg,0,2,0.035678554,0.11476479,0.035678554,0.01665704,0.0173807334,1,1.623594909277896
01056.jpg,0,3,0.059210252,0.29706192,0.059210252,0.092032865,0.0517743463,0,1.351706777525135
01057.jpg,1,1,0.92468774,0.21011725,0.92468774,0.9207897,0.9939394674,0,1.1081711318426564
01058.jpg,0,0,0.06052939,0.018546565,0.06052939,0.026759284,0.0547322645,0,0.6181222528989508
01059.jpg,0,3,0.54334795,0.47925997,0.54334795,0.76383626,0.0530678576,1,0.6479667039428593
01060.jpg,1,2,0.9353465,0.4484263,0.9353465,0.88161486,0.980731001,1,1.026828520352035
01061.jpg,0,1,0.043365803,0.2922922,0.043365803,0.007815889,0.0092337199,0,0.9752612198925664
01062.jpg,1,3,0.98866826,0.9926542,0.98866826,0.9890131,0.9996669705,1,1.2432217272406494
01063.jpg,1,4,0.98549646,0.992062,0.98549646,0.98866826,0.9918051222,1,1.2212889547710977
01064.jpg,0,3,0.04535258,0.8327813,0.04535258,0.029090757,0.0364420559,1,0.7136734361051981
01065.jpg,1,0,0.9850429,0.990732,0.9850429,0.98421544,0.9986125549,0,1.613737961476725
01066.jpg,0,3,0.017576883,0.01665704,0.017576883,0.030675799,0.0305733019,1,1.0219190830235438
01067.jpg,1,2,0.9875683,0.32444942,0.9875683,0.9829547,0.9993749334,1,1.075561402446409
01068.jpg,1,0,0.31226513,0.44915098,0.31226513,0.5506074,0.9425968141,0,1.6984857901450652
01069.jpg,1,2,0.99701905,0.9989837,0.99701905,0.99847525,0.9988020816,1,1.180309638962754
01070.jpg,0,2,0.025957357,0.026556574,0.025957357,0.05300977,0.0769668001,0,1.4439577116747482
01071.jpg,1,0,0.992062,0.9956006,0.992062,0.9883128,0.9989597613,0,1.1496025442552331
01072.jpg,1,4,0.31195062,0.067546695,0.31195062,0.7019174,0.575988658,0,1.5206991447993568
01073.jpg,0,2,0.01518905,0.0017274587,0.01518905,0.036493767,0.0145402528,1,0.7752773594184635
01074.jpg,1,1,0.07807816,0.88732666,0.07807816,0.1334152,0.264543915,0,0.7519699458434131
01075.jpg,0,2,0.027169233,0.0073458264,0.027169233,0.03044435,0.0805690216,1,0.8641452890691314
01076.jpg,1,1,0.9891816,0.94639885,0.9891816,0.9868787,0.9976168778,1,0.6569882545897042
01077.jpg,1,0,0.99242276,0.99687636,0.99242276,0.9885804,0.9977422213,0,1.0111136412042545
01078.jpg,0,4,0.003324437,0.04885778,0.003324437,0.0018675659,0.0027915283,1,1.1781518946142249
01079.jpg,1,1,0.7704648,0.4518102,0.7704648,0.7142295,0.9730591323,0,1.982699930859645
01080.jpg,0,4,0.011869121,0.068537496,0.011869121,0.021948256,0.0246031873,0,1.1336629001883238
01081.jpg,0,4,0.10017222,0.49511737,0.10017222,0.12940273,0.2342098879,1,1.310934289591006
01082.jpg,1,1,0.9908744,0.9878528,0.9908744,0.97702265,0.9978162394,1,1.6873974896435393
01083.jpg,1,0,0.9518632,0.5336405,0.9518632,0.96765566,0.991312614,0,2.597018778858839
01084.jpg,0,0,0.010986944,0.0007554056,0.010986944,0.008445628,0.0097365188,0,1.451746312071473
01085.jpg,0,2,0.023153411,0.04535258,0.023153411,0.023330769,0.0118908726,1,0.9304783521146036
01086.jpg,1,3,0.47901624,0.69760895,0.47901624,0.18010665,0.1003947568,1,1.0413924870466322
01087.jpg,1,1,0.9968273,0.9990746,0.9968273,0.9979493,0.9997612818,0,1.301225990627269
01088.jpg,0,4,0.096705794,0.015906392,0.096705794,0.04023794,0.0516039563,0,0.872010485525416
01089.jpg,0,3,0.0021157037,0.07531231,0.0021157037,0.0021157037,0.0015045007,1,1.0191803430690776
01090.jpg,0,4,0.0045384313,0.034880888,0.0045384313,0.0057302467,0.0019850234,1,1.1818948907525932
01091.jpg,0,0,0.06233104,0.64467263,0.06233104,0.010902373,0.1028754868,0,0.924647972928576
01092.jpg,0,2,0.50097656,0.35532737,0.50097656,0.53509843,0.3549200845,1,1.1126009684513236
01093.jpg,0,1,0.004681823,0.0044683847,0.004681823,0.004331502,0.0042643886,1,0.9522291180478332
01094.jpg,0,3,0.012431651,0.0013458605,0.012431651,0.010169658,0.0075090543,1,1.0410745854335597
01095.jpg,1,2,0.9896718,0.9826909,0.9896718,0.8887587,0.993903333,1,0.8388389193447788
01096.jpg,1,1,0.95531917,0.99950445,0.95531917,0.9433476,0.9981755882,1,1.5461865137828097
01097.jpg,0,2,0.013636835,0.49511737,0.013636835,0.009859855,0.0903618475,0,1.6439258880354208
01098.jpg,1,4,0.9802808,0.9911527,0.9802808,0.95791227,0.9949853245,1,1.4274112848014604
01099.jpg,1,0,0.9785493,0.92762595,0.9785493,0.97324073,0.9911160695,1,1.7437791959757036
01100.jpg,1,2,0.99788433,0.997981,0.99788433,0.99477994,0.9993711811,1,2.082030176277263
01101.jpg,0,0,0.3090237,0.36274344,0.3090237,0.11818141,0.2220333072,0,1.009961743180306
01102.jpg,0,1,0.0073458264,0.69987017,0.0073458264,0.00818791,0.0034924934,1,0.8357218362880721
01103.jpg,0,4,0.14033625,0.48852742,0.14033625,0.14706452,0.3534183538,0,1.3183573750507922
01104.jpg,1,2,0.99861145,0.94122344,0.99861145,0.99390244,0.9994930668,0,1.003560709765736
01105.jpg,1,4,0.97482115,0.78099674,0.97482115,0.9683812,0.9989251841,0,1.3966525490816972
01106.jpg,0,2,0.069541745,0.064653486,0.069541745,0.07237402,0.012167891,1,0.8421870766451826
01107.jpg,1,3,0.98228765,0.9683812,0.98228765,0.9830851,0.9994346495,1,1.0655231124034894
01108.jpg,0,2,0.011331755,0.692642,0.011331755,0.04885778,0.018979186,0,1.526794264181215
01109.jpg,0,0,0.24454337,0.051462766,0.24454337,0.30259714,0.0600934838,1,1.322699146514936
01110.jpg,0,2,0.067546695,0.020964239,0.067546695,0.10743748,0.0367777222,1,0.696607653566993
01111.jpg,1,0,0.9429286,0.9465967,0.9429286,0.9019207,0.954579918,0,1.4542315573770492
01112.jpg,0,0,0.008711384,0.0015731121,0.008711384,0.008711384,0.0106013492,0,0.9114803148073654
01113.jpg,1,0,0.8283842,0.5500032,0.8283842,0.891811,0.9397732307,0,2.778071356927927
01114.jpg,0,4,0.02297737,0.31405056,0.02297737,0.037047174,0.0726151751,0,1.279189147437369
01115.jpg,1,1,0.99869555,0.9933589,0.99869555,0.9975274,0.9997463489,0,1.4091981204745032
01116.jpg,0,4,0.0627892,0.41347715,0.0627892,0.12592277,0.122517407,1,0.736187539667041
01117.jpg,0,3,0.012241276,0.0034296035,0.012241276,0.010652511,0.0048672659,1,0.9704592729845992
01118.jpg,0,2,0.01883313,0.0044683847,0.01883313,0.0226292,0.0073652883,0,1.6904740246353658
01119.jpg,1,2,0.9904406,0.8539127,0.9904406,0.9949397,0.9989423559,0,1.3016362795728942
01120.jpg,1,3,0.9825575,0.97702265,0.9825575,0.9736447,0.9982397589,0,1.5024544338335608
01121.jpg,0,4,0.016529558,0.08449276,0.016529558,0.021948256,0.0121822811,0,0.7636387900355872
01122.jpg,0,0,0.009859855,0.0226292,0.009859855,0.0069576083,0.006225278,1,1.453477867394894
01123.jpg,1,1,0.94417685,0.99818975,0.94417685,0.9700135,0.9981138286,1,1.6431392648307084
01124.jpg,0,0,0.059646945,0.00092538487,0.059646945,0.033589505,0.0083761718,0,1.1039745433388952
01125.jpg,0,1,0.0034834244,0.04084572,0.0034834244,0.0035936027,0.0014782841,0,0.712350686793868
01126.jpg,0,2,0.037326884,0.104477316,0.037326884,0.026759284,0.0311711581,1,1.607149142599278
01127.jpg,0,4,0.005060332,0.13477592,0.005060332,0.009559399,0.0024729145,1,1.0971355062548866
01128.jpg,1,0,0.9492946,0.99856746,0.9492946,0.87147486,0.9961400902,0,1.6726132950927983
01129.jpg,1,0,0.70659554,0.8233284,0.70659554,0.882022,0.3217089301,0,0.6365171620325983
01130.jpg,1,3,0.96432143,0.858244,0.96432143,0.9851576,0.9856191172,0,0.855801756587202
01131.jpg,0,0,0.0111580305,0.0032730645,0.0111580305,0.0046095727,0.0075534965,0,1.6993644986180432
01132.jpg,1,3,0.9953181,0.99961996,0.9953181,0.99371004,0.9997266584,1,2.06779494151951
01133.jpg,0,4,0.0057302467,0.00039821304,0.0057302467,0.0037072531,0.001447762,1,0.5888232621910929
01134.jpg,1,4,0.9967269,0.97788346,0.9967269,0.997917,0.9998558653,0,1.195096193592835
01135.jpg,1,2,0.99553156,0.99947256,0.99553156,0.9964064,0.999386196,1,2.042628830366577
01136.jpg,1,3,0.9896718,0.998884,0.9896718,0.983343,0.9993234006,0,1.35438526119403
01137.jpg,1,1,0.99837697,0.9926542,0.99837697,0.99832565,0.9998310548,1,1.323351225881329
01138.jpg,1,1,0.8322367,0.14324762,0.8322367,0.85776806,0.7858604689,0,1.4771621960206338
01139.jpg,1,1,0.6482437,0.85213745,0.6482437,0.7483523,0.8017817535,1,1.2812790385647477
01140.jpg,0,2,0.010818448,0.0039454065,0.010818448,0.00498227,0.0058097791,0,1.3891857601713062
01141.jpg,1,2,0.99509466,0.98228765,0.99509466,0.9968273,0.9981909489,0,1.1753922093414493
01142.jpg,1,0,0.98242307,0.19993211,0.98242307,0.96378,0.9833775688,1,1.1544436583677034
01143.jpg,1,4,0.9978173,0.97112906,0.9978173,0.99486035,0.9997845386,0,0.9138229051578765
01144.jpg,1,3,0.9348725,0.99760324,0.9348725,0.9572778,0.9994665231,1,1.2160081172181332
01145.jpg,1,2,0.9984988,0.99066,0.9984988,0.9952448,0.9993245696,1,0.9513389997145666
01146.jpg,1,3,0.8778961,0.30074558,0.8778961,0.9339146,0.9851898208,0,0.8422159311191523
01147.jpg,1,4,0.98942953,0.9591543,0.98942953,0.9871788,0.9990768136,1,2.410368382080711
01148.jpg,1,4,0.9994642,0.997783,0.9994642,0.9991704,0.9998349022,0,1.5961744966442952
01149.jpg,1,0,0.99242276,0.9766692,0.99242276,0.9912209,0.9988189776,1,1.531845439870864
01150.jpg,0,0,0.00577493,0.0032730645,0.00577493,0.008315779,0.0054544122,1,1.2224284138143378
01151.jpg,0,1,0.096705794,0.0067975316,0.096705794,0.19620943,0.0691581805,0,0.8781234901089192
01152.jpg,1,3,0.98657167,0.7236513,0.98657167,0.9777139,0.993942865,1,0.5700531764300397
01153.jpg,0,3,0.0043994132,0.26511872,0.0043994132,0.002631674,0.0049294252,1,1.3961337081012923
01154.jpg,1,4,0.9942697,0.99580115,0.9942697,0.99253935,0.9996952669,1,2.2470882504730776
01155.jpg,1,3,0.81699115,0.24436301,0.81699115,0.8524448,0.8579671166,1,0.858217964952193
01156.jpg,0,4,0.008711384,0.010652511,0.008711384,0.004681823,0.0053025025,1,1.5892193186162755
01157.jpg,1,4,0.9744348,0.997285,0.9744348,0.9802808,0.9994518418,0,0.9085344565364336
01158.jpg,1,1,0.99486035,0.66104823,0.99486035,0.98481095,0.9896026015,1,1.0598761109906785
01159.jpg,1,3,0.9991959,0.99979013,0.9991959,0.9969246,0.9998633308,1,1.728472906403941
01160.jpg,0,3,0.18952109,0.016403032,0.18952109,0.22918998,0.0263637532,0,1.178643933662499
01161.jpg,0,1,0.015906392,0.09401019,0.015906392,0.017712297,0.0129942622,1,1.4824274923739893
01162.jpg,1,1,0.021615334,0.088504665,0.021615334,0.08819005,0.0074610434,0,0.8084877742662292
01163.jpg,0,2,0.013121271,0.026759284,0.013121271,0.043691058,0.027849813,1,0.9350609859504024
01164.jpg,1,0,0.9859364,0.98215127,0.9859364,0.9916842,0.9980614318,0,2.737346378931968
01165.jpg,1,4,0.9693242,0.9990601,0.9693242,0.9780517,0.9977304526,0,1.7663828048381824
01166.jpg,0,1,0.010013571,0.0010484693,0.010013571,0.0071214284,0.0054938468,1,1.1832778827689214
01167.jpg,0,2,0.0053018946,0.0012843083,0.0053018946,0.0075772405,0.0013685465,0,0.8059651940801135
01168.jpg,1,4,0.99740905,0.99903023,0.99740905,0.9969722,0.9995774964,0,1.53105793223702
01169.jpg,0,4,0.0020190137,0.10594828,0.0020190137,0.0019267347,0.0021241754,0,3.3085318857589985
01170.jpg,1,2,0.983597,0.7905303,0.983597,0.9952448,0.9996275066,0,1.6173482895598708
01171.jpg,1,4,0.9996018,0.9921841,0.9996018,0.99893504,0.9998918318,0,1.0742341040462429
01172.jpg,1,2,0.8998277,0.9802808,0.8998277,0.9730365,0.9145135878,1,2.1641486648455794
01173.jpg,1,0,0.99948066,0.98657167,0.99948066,0.9997131,0.9995740288,1,1.616432524710798
01174.jpg,0,1,0.021615334,0.0024726233,0.021615334,0.029986508,0.0538399901,1,0.6836156160970858
01175.jpg,1,1,0.96432143,0.06325052,0.96432143,0.9458012,0.9807879428,0,0.8845788920376635
01176.jpg,0,4,0.07751766,0.017442483,0.07751766,0.18097353,0.0570856167,0,0.8912992020609243
01177.jpg,0,4,0.19993211,0.85269034,0.19993211,0.10932483,0.107346526,1,1.418722333347828
01178.jpg,0,2,0.047780067,0.039342504,0.047780067,0.09568694,0.081869006,0,1.1424107093946865
01179.jpg,0,4,0.0061929906,0.009125638,0.0061929906,0.0045384313,0.0058235531,0,0.98196659534764
01180.jpg,0,3,0.04672496,0.004905406,0.04672496,0.011331755,0.017768534,1,1.0700657340108
01181.jpg,0,3,0.07531231,0.004198795,0.07531231,0.27318642,0.0223485441,0,0.972036759282026
01182.jpg,1,2,0.26894143,0.6662797,0.26894143,0.50659144,0.9312336857,1,1.3842221652129298
01183.jpg,1,1,0.99760324,0.9695556,0.99760324,0.9985896,0.9996619934,0,1.1318953043574678
01184.jpg,1,3,0.9845754,0.9224824,0.9845754,0.9957353,0.9990161258,0,1.0829278503753448
01185.jpg,1,3,0.26740816,0.2032327,0.26740816,0.038466193,0.5291267701,0,1.2985732118835356
01186.jpg,0,4,0.0019877744,0.038466193,0.0019877744,0.004133968,0.0021696578,0,1.027866828682213
01187.jpg,0,3,0.023689471,0.0033766124,0.023689471,0.008985428,0.0074777823,0,1.0620526115391506
01188.jpg,0,2,0.002800927,0.15354918,0.002800927,0.02297737,0.0099311825,1,1.743841788970696
01189.jpg,1,3,0.9588471,0.9719925,0.9588471,0.9766692,0.9962620277,0,1.3521553738317758
01190.jpg,1,0,0.9697854,0.96323055,0.9697854,0.97046465,0.9971082688,1,0.7710311371074595
01191.jpg,1,0,0.9946568,0.95695716,0.9946568,0.9851576,0.9984078821,1,1.6763817771084335
01192.jpg,1,4,0.9219218,0.883236,0.9219218,0.8146434,0.9616648971,1,0.6781849447513811
01193.jpg,1,1,0.49353063,0.009125638,0.49353063,0.344664,0.7016395661,1,1.072793508880983
01194.jpg,0,4,0.0072327633,0.15002882,0.0072327633,0.0074606435,0.0018367215,1,0.5810604192355117
01195.jpg,0,0,0.030675799,0.13939638,0.030675799,0.044680875,0.0207381214,1,0.8112954025908052
01196.jpg,1,0,0.94458723,0.5626571,0.94458723,0.96295285,0.9964407201,1,2.1473955345740783
01197.jpg,0,4,0.29239324,0.08035747,0.29239324,0.7409249,0.1989936073,0,1.15448567634761
01198.jpg,0,3,0.0044683847,0.7287483,0.0044683847,0.0027149853,0.0050417412,1,0.7722380441388741
01199.jpg,1,1,0.9843364,0.91022664,0.9843364,0.96267307,0.9987319567,1,1.190275433308214
01200.jpg,0,0,0.0460339,0.012241276,0.0460339,0.13206615,0.0371629885,1,0.7630030285652843
01201.jpg,0,4,0.019870713,0.0013250224,0.019870713,0.06979492,0.0527752123,0,1.2144274129746837
01202.jpg,1,2,0.9966756,0.96267307,0.9966756,0.9883128,0.9985783575,1,1.248874796057484
01203.jpg,0,0,0.3988746,0.47122324,0.3988746,0.4484263,0.3029726491,0,1.0671044130802108
01204.jpg,0,0,0.0013458605,0.00045831292,0.0013458605,0.0032476767,0.002231171,1,0.9588655700510492
01205.jpg,1,0,0.99253935,0.9777139,0.99253935,0.9921233,0.9953849576,1,0.7386545774367265
01206.jpg,0,4,0.009485714,0.037608635,0.009485714,0.0067975316,0.0017785599,0,1.0173197921611523
01207.jpg,1,4,0.9730365,0.71412987,0.9730365,0.96182173,0.9986797965,1,1.0856390013203177
01208.jpg,1,3,0.9969722,0.9984022,0.9969722,0.9987551,0.9995717972,1,1.5349706125507014
01209.jpg,1,4,0.9755769,0.8836382,0.9755769,0.97903574,0.9979739843,0,1.032371103117506
01210.jpg,1,1,0.7106283,0.9564718,0.7106283,0.9407897,0.9971002087,0,1.7064657152042622
01211.jpg,1,3,0.9830851,0.96182173,0.9830851,0.9890131,0.9960367595,1,1.2167030627038784
01212.jpg,0,4,0.051462766,0.052230854,0.051462766,0.015424551,0.0219158147,0,1.3454575333446608
01213.jpg,0,3,0.008445628,0.0035936027,0.008445628,0.008577485,0.0038519661,1,1.359402002568893
01214.jpg,0,1,0.04672496,0.9019207,0.04672496,0.18010665,0.0168165032,1,1.0823016413030853
01215.jpg,1,3,0.9977482,0.99371004,0.9977482,0.9965166,0.9993031286,1,1.2394806889352818
01216.jpg,0,1,0.20946969,0.0094125895,0.20946969,0.124213,0.1699605876,0,0.9844842152633904
01217.jpg,1,1,0.86293024,0.2649285,0.86293024,0.9832145,0.9919300896,1,1.9785726898833205
01218.jpg,0,4,0.12808824,0.079210326,0.12808824,0.019719126,0.0727303502,0,1.05239121911407
01219.jpg,1,2,0.27688602,0.111627996,0.27688602,0.6838419,0.8090501282,1,1.0703116569471594
01220.jpg,0,1,0.05582314,0.13799648,0.05582314,0.039937317,0.0673722649,1,1.295717897271268
01221.jpg,1,4,0.46830425,0.6584175,0.46830425,0.5827285,0.9370657565,1,1.1032060766509142
01222.jpg,0,0,0.18520921,0.033589505,0.18520921,0.6109178,0.1088633242,1,1.0417775006084204
01223.jpg,1,4,0.30486888,0.82893884,0.30486888,0.7240906,0.510222876,0,2.3108037320143886
01224.jpg,0,3,0.0020829707,0.0017007226,0.0020829707,0.0009850083,0.0004083353,0,0.9683100715137068
01225.jpg,0,1,0.009708477,0.0140636265,0.009708477,0.020332353,0.0169896565,1,1.0529826581539197
01226.jpg,1,4,0.87621135,0.12678517,0.87621135,0.81047887,0.9269318402,1,1.601296791063866
01227.jpg,0,4,0.07864238,0.098079324,0.07864238,0.43758312,0.0201819863,0,1.8601384797475011
01228.jpg,1,2,0.97966766,0.99390244,0.97966766,0.9801293,0.9981721784,0,1.2435531529253077
01229.jpg,1,3,0.99477994,0.9585377,0.99477994,0.990732,0.991906104,1,1.3141817668999816
01230.jpg,0,1,0.33545968,0.7541916,0.33545968,0.6419837,0.0879653878,1,0.7834981048641819
01231.jpg,0,4,0.0075772405,0.07723878,0.0075772405,0.02442309,0.0039205944,1,1.1915044247787612
01232.jpg,1,2,0.9429286,0.18982127,0.9429286,0.8812066,0.9377531269,1,1.4903862772599763
01233.jpg,0,3,0.5285334,0.71582144,0.5285334,0.5929023,0.4015546675,0,1.171479397273218
01234.jpg,0,4,0.032836955,0.0046095727,0.032836955,0.035144847,0.0064650641,1,0.8281891388972066
01235.jpg,1,0,0.9491062,0.9964064,0.9491062,0.93698055,0.9001365111,1,0.8029667649025483
01236.jpg,1,0,0.9991704,0.99911696,0.9991704,0.99944717,0.9998215422,0,2.28113475177305
01237.jpg,0,4,0.0037654138,0.0021827165,0.0037654138,0.0046095727,0.0024557774,1,2.3307350493020875
01238.jpg,0,1,0.021615334,0.008445628,0.021615334,0.07369627,0.0110444277,0,1.0548420189775944
01239.jpg,1,3,0.9877587,0.99890125,0.9877587,0.9830851,0.9993124174,0,1.4214839366725305
01240.jpg,0,4,0.005641909,0.0073458264,0.005641909,0.001622967,0.0024110089,1,0.8291649537512847
01241.jpg,1,4,0.96432143,0.920218,0.96432143,0.97134733,0.9954252061,1,0.6655188131272387
01242.jpg,0,1,0.018689308,0.064653486,0.018689308,0.010328153,0.0074397806,0,1.0648048637430063
01243.jpg,1,0,0.99509466,0.9918121,0.99509466,0.9956006,0.9987201712,1,1.1635199856676488
01244.jpg,0,1,0.022286188,0.0071214284,0.022286188,0.016914913,0.0023709654,1,1.260351165851824
01245.jpg,1,3,0.9390248,0.96458924,0.9390248,0.94417685,0.9960246456,1,0.9831402605892904
01246.jpg,0,1,0.4085127,0.9241418,0.4085127,0.30404165,0.9658755344,0,2.553320062193743
01247.jpg,1,4,0.9500415,0.9374402,0.9500415,0.92441523,0.9977740899,0,0.9162234652114596
01248.jpg,0,2,0.007815889,0.00082958915,0.007815889,0.0074606435,0.0083296807,0,1.0743650621957817
01249.jpg,0,4,0.010489091,0.059646945,0.010489091,0.010570488,0.0069965928,1,1.0342301492633548
01250.jpg,0,4,0.0034296035,0.12984343,0.0034296035,0.0061929906,0.0021546538,0,0.88408515649621
01251.jpg,0,3,0.032836955,0.5496406,0.032836955,0.0460339,0.1844298367,0,1.7455886442206523
01252.jpg,1,4,0.88602656,0.9875683,0.88602656,0.7799929,0.9908512585,0,1.6389268212172765
01253.jpg,0,1,0.13206615,0.0013250224,0.13206615,0.010986944,0.0132797916,1,1.15634693877551
01254.jpg,0,0,0.10087861,0.4583487,0.10087861,0.08449276,0.043331061,1,0.8297945111960678
01255.jpg,1,4,0.96267307,0.9941801,0.96267307,0.98657167,0.9907538156,0,1.398781761021045
01256.jpg,0,2,0.002889581,0.00085590064,0.002889581,0.005220126,0.0029099521,0,1.0061855022749129
01257.jpg,1,4,0.6326163,0.9825575,0.6326163,0.4291901,0.9905029428,1,1.163109640831758
01258.jpg,0,0,0.016785491,0.06142404,0.016785491,0.006050398,0.0110318579,0,1.4811862040436423
01259.jpg,0,1,0.01518905,0.1592174,0.01518905,0.011331755,0.0136859236,1,0.9872250784245382
01260.jpg,1,0,0.971564,0.5911333,0.971564,0.97702265,0.9983663996,0,1.3447575480329368
01261.jpg,0,2,0.006692851,0.0027576222,0.006692851,0.0063883206,0.0009996923,1,0.6494363132911392
01262.jpg,0,1,0.00818791,0.3727335,0.00818791,0.012431651,0.0095549636,0,1.3747512529832937
01263.jpg,0,2,0.0065897712,0.031618766,0.0065897712,0.0039454065,0.004576384,1,1.2451997170781892
01264.jpg,0,1,0.0031236487,0.0011335689,0.0031236487,0.003324437,0.0018708078,1,0.9042341706887416
01265.jpg,1,1,0.9507779,0.992062,0.9507779,0.950411,0.997394498,0,1.1033470853561336
01266.jpg,1,0,0.82893884,0.39490083,0.82893884,0.9005298,0.7424675434,0,1.6247788249278314
01267.jpg,1,0,0.9921841,0.9984269,0.9921841,0.99390244,0.9994480101,0,1.1165020116041298
01268.jpg,1,1,0.89029425,0.9896718,0.89029425,0.950411,0.9882492274,1,2.5349873425937943
01269.jpg,0,0,0.04813677,0.3233801,0.04813677,0.013636835,0.0332700758,1,1.067191131848629
01270.jpg,1,0,0.9869795,0.99014014,0.9869795,0.9877587,0.9922579851,1,1.3208305530231024
01271.jpg,0,3,0.034358688,0.036493767,0.034358688,0.05877656,0.0360952069,1,0.7679006468758669
01272.jpg,0,0,0.4320634,0.9465967,0.4320634,0.13117322,0.4214191124,1,1.5209738135216555
01273.jpg,0,2,0.005384938,0.056652427,0.005384938,0.0074606435,0.0099321247,1,1.7082407435508344
01274.jpg,0,2,0.002889581,0.020488555,0.002889581,0.009559399,0.0040260015,1,1.347685782915478
01275.jpg,0,4,0.008445628,0.035948325,0.008445628,0.010818448,0.0053641964,0,1.5949648726092662
01276.jpg,0,0,0.024237636,0.01665704,0.024237636,0.010408314,0.0046461965,0,1.0179213683878152
01277.jpg,0,2,0.1066906,0.4397473,0.1066906,0.03410043,0.0552657383,0,1.4104549504329271
01278.jpg,1,0,0.014957087,0.029986508,0.014957087,0.004681823,0.0070652333,0,1.3761744604316546
01279.jpg,0,0,0.3647776,0.7981868,0.3647776,0.28836867,0.2005531683,0,1.4294009453349774
01280.jpg,1,3,0.9861514,0.9825575,0.9861514,0.9840936,0.9953350736,0,0.5431960411845509
01281.jpg,0,0,0.06656919,0.7122322,0.06656919,0.06052939,0.0703936373,0,1.231648538806002
01282.jpg,1,4,0.9976404,0.99155444,0.9976404,0.9982993,0.9999091414,0,2.1197423951270804
01283.jpg,1,0,0.9839708,0.99390244,0.9839708,0.98481095,0.9977968571,1,1.1696368907042471
01284.jpg,0,3,0.04023794,0.11357959,0.04023794,0.054198727,0.1065011441,1,1.434716198833096
01285.jpg,0,4,0.005060332,0.0963651,0.005060332,0.014728613,0.0018977061,1,1.1613444285351795
01286.jpg,1,0,0.99869555,0.98571813,0.99869555,0.9992679,0.9995248988,0,1.5551182005494504
01287.jpg,1,1,0.88563144,0.96378,0.88563144,0.9449947,0.9859136126,0,0.7886396588750823
01288.jpg,0,0,0.23633994,0.055005282,0.23633994,0.20473911,0.1224737564,0,0.9026534180105608
01289.jpg,1,1,0.997285,0.9972638,0.997285,0.9975274,0.9991475166,0,1.6162665445767088
01290.jpg,1,3,0.9966756,0.999089,0.9966756,0.9959299,0.9997144893,1,1.3014763140817651
01291.jpg,0,1,0.025565213,0.03044435,0.025565213,0.020804489,0.0101322768,1,1.0425395458755908
01292.jpg,1,1,0.9353465,0.11066323,0.9353465,0.9433476,0.9922069077,0,1.3313417680973736
01293.jpg,1,2,0.9572778,0.096705794,0.9572778,0.8778961,0.9502380473,0,0.8545221130385822
01294.jpg,0,1,0.109705776,0.7523766,0.109705776,0.13568954,0.3155358217,0,1.4062037526078115
01295.jpg,1,4,0.9492946,0.9686196,0.9492946,0.94853723,0.9955903506,0,0.8185022739198881
01296.jpg,1,4,0.9840936,0.9930962,0.9840936,0.9914225,0.9998392808,1,1.967179532735187
01297.jpg,1,4,0.9962346,0.9693242,0.9962346,0.98657167,0.9993153092,0,1.818401275651692
01298.jpg,1,3,0.99580115,0.99014014,0.99580115,0.99701905,0.9992618496,1,1.255077101002313
01299.jpg,1,3,0.992062,0.9939964,0.992062,0.9977482,0.9989129691,1,0.9681686278743388
01300.jpg,0,3,0.035144847,0.12085323,0.035144847,0.014957087,0.0103874107,0,1.8773315163528244
01301.jpg,1,2,0.99856746,0.9896718,0.99856746,0.99701905,0.9987421829,0,1.494292821675724
01302.jpg,0,3,0.0017546143,0.0053018946,0.0017546143,0.0020507434,0.001113403,1,0.9067862703240612
01303.jpg,1,0,0.9591543,0.97887486,0.9591543,0.92495924,0.9671259681,1,1.0390023568636468
01304.jpg,1,4,0.7905303,0.13974822,0.7905303,0.68815416,0.9666040426,0,1.6107678862340482
01305.jpg,0,0,0.0033766124,0.2685576,0.0033766124,0.015424551,0.0047246219,1,1.012022346368715
01306.jpg,0,0,0.009055264,0.6076632,0.009055264,0.0140636265,0.0131121523,0,1.005840903777429
01307.jpg,0,2,0.023153411,0.46587348,0.023153411,0.017442483,0.0432502396,0,2.1581277971158626
01308.jpg,1,4,0.70952255,0.04054074,0.70952255,0.58249104,0.1446958031,1,0.8980224847725604
01309.jpg,0,2,0.23475733,0.25072926,0.23475733,0.05623634,0.0502064216,1,0.997289696429708
01310.jpg,0,4,0.009783875,0.7613611,0.009783875,0.0071214284,0.0060026474,0,0.982036120803066
01311.jpg,0,1,0.058345836,0.046378206,0.058345836,0.04885778,0.0402697514,1,1.0607497556332954
01312.jpg,0,4,0.13273923,0.0037072531,0.13273923,0.10123348,0.0418260664,0,1.2006093953623067
01313.jpg,0,4,0.0627892,0.55302256,0.0627892,0.034358688,0.0618221629,1,1.2736138214867527
01314.jpg,0,3,0.0069038384,0.284576,0.0069038384,0.017309096,0.0115865652,1,1.7235537291462215
01315.jpg,0,3,0.0074606435,0.0023231625,0.0074606435,0.008315779,0.0020445646,0,1.0899528866150137
01316.jpg,1,2,0.97966766,0.8010035,0.97966766,0.96432143,0.9987134717,1,1.7406604659304288
01317.jpg,1,4,0.997285,0.99193794,0.997285,0.99877447,0.9998778422,1,1.3799789241268563
01318.jpg,0,3,0.012431651,0.046378206,0.012431651,0.063714996,0.0874224897,1,1.310500975609756
01319.jpg,1,1,0.96323055,0.8940517,0.96323055,0.90397453,0.9958349493,1,2.2618372915332574
01320.jpg,1,2,0.99821776,0.9982993,0.99821776,0.9988305,0.9998641737,0,2.5210542341871407
01321.jpg,0,1,0.008577485,0.8749346,0.008577485,0.04672496,0.0048120959,0,1.1427054317548746
01322.jpg,1,0,0.9923638,0.9507779,0.9923638,0.9975274,0.9994939253,1,1.599921398987575
01323.jpg,0,0,0.024609929,0.006692851,0.024609929,0.068288535,0.0214078942,1,1.229290276542979
01324.jpg,0,0,0.038466193,0.056652427,0.038466193,0.06052939,0.0484450434,0,1.3029978417123735
01325.jpg,1,4,0.99657035,0.8620035,0.99657035,0.9928786,0.9996878786,1,1.668846184374646
01326.jpg,0,1,0.010652511,0.3647776,0.010652511,0.0053018946,0.0064053897,0,1.007379390238621
01327.jpg,0,4,0.026355354,0.00818791,0.026355354,0.020645931,0.0334419157,0,1.0110029440358057
01328.jpg,0,3,0.06052939,0.06979492,0.06052939,0.12210386,0.008770178,0,1.4002385295698487
01329.jpg,1,2,0.9840936,0.9697854,0.9840936,0.98481095,0.9970852443,1,0.9338183898028108
01330.jpg,0,1,0.42679933,0.23161423,0.42679933,0.47676235,0.5372460024,1,1.129234484723703
01331.jpg,0,1,0.0027149853,0.00046552691,0.0027149853,0.010818448,0.0035474445,0,1.3141332105879822
01332.jpg,0,1,0.010652511,0.08479541,0.010652511,0.011869121,0.00963063,1,1.4358177276336688
01333.jpg,1,0,0.99635005,0.9964619,0.99635005,0.9966234,0.9982415376,0,2.306458214081282
01334.jpg,0,3,0.0045384313,0.015424551,0.0045384313,0.0069038384,0.0115803948,1,1.1145011849326458
01335.jpg,1,1,0.282592,0.30321577,0.282592,0.12721828,0.607857957,1,1.0731181498196518
01336.jpg,0,3,0.005911069,0.0111580305,0.005911069,0.0067975316,0.0030273772,1,0.6594820618782915
01337.jpg,0,3,0.020488555,0.057918087,0.020488555,0.031143833,0.0031206955,0,1.0011635282457878
01338.jpg,0,2,0.0070117954,0.1127954,0.0070117954,0.025565213,0.0025174737,1,0.8836503500298475
01339.jpg,1,0,0.9695556,0.99856746,0.9695556,0.85776806,0.9746558831,1,1.4750743855109962
01340.jpg,0,2,0.7577944,0.5801142,0.7577944,0.43674213,0.1022125828,0,1.3422491702833803
01341.jpg,1,3,0.9678993,0.05877656,0.9678993,0.96485513,0.9770172196,1,0.7554443254817986
01342.jpg,0,1,0.035678554,0.005384938,0.035678554,0.037326884,0.0213067468,1,1.3011107821337071
01343.jpg,1,4,0.9019207,0.57128835,0.9019207,0.95257413,0.9917263864,0,1.6256526781225722
01344.jpg,1,0,0.9736447,0.99818975,0.9736447,0.99193794,0.9989660949,1,2.3509546268245662
01345.jpg,0,1,0.011331755,0.0060035954,0.011331755,0.010818448,0.0043083863,1,1.2147116929562378
01346.jpg,0,2,0.013428255,0.0960255,0.013428255,0.009633653,0.009622834,0,1.1153997385517351
01347.jpg,1,2,0.9798227,0.7468782,0.9798227,0.95791227,0.9961212097,1,1.9642381578947368
01348.jpg,1,0,0.97482115,0.7856377,0.97482115,0.99477994,0.9806321619,0,1.9878705281090288
01349.jpg,0,2,0.069289416,0.010570488,0.069289416,0.025178842,0.0155161632,1,0.972871763296279
01350.jpg,0,3,0.00498227,0.04023794,0.00498227,0.00818791,0.0059859354,1,1.4166206025229178
01351.jpg,0,1,0.19436783,0.13206615,0.19436783,0.15102781,0.2324528577,1,1.007957299270073
01352.jpg,1,1,0.9923044,0.9666631,0.9923044,0.9961755,0.9991807759,1,0.8439305917900117
01353.jpg,1,3,0.9954615,0.9928786,0.9954615,0.98934746,0.9973994731,1,1.185905923017677
01354.jpg,1,0,0.97520185,0.97754294,0.97520185,0.99014014,0.9501683507,0,1.66739717145211
01355.jpg,1,0,0.84972197,0.8895289,0.84972197,0.74195457,0.9876525409,1,1.1575368653779845
01356.jpg,0,4,0.019419348,0.023153411,0.019419348,0.009708477,0.0149244891,1,1.2658702110336026
01357.jpg,0,0,0.24220563,0.19375686,0.24220563,0.23248434,0.3797139986,1,0.9185034139824848
01358.jpg,0,2,0.09877259,0.6329566,0.09877259,0.027795624,0.0914780182,0,1.2450395979828113
01359.jpg,1,1,0.9959299,0.9458012,0.9959299,0.98201376,0.9988907996,1,1.9914169476511605
01360.jpg,1,0,0.98527133,0.7994423,0.98527133,0.9437636,0.9620999593,0,1.1618357677608502
01361.jpg,0,1,0.064653486,0.3263788,0.064653486,0.0627892,0.0102790208,0,1.1040122993554096
01362.jpg,0,4,0.013020489,0.08694165,0.013020489,0.0145035805,0.0097811183,0,0.7391904370300753
01363.jpg,0,2,0.014281934,0.005060332,0.014281934,0.0140636265,0.0138253457,1,0.9058017395435112
01364.jpg,0,1,0.012624949,0.020488555,0.012624949,0.024237636,0.014899799,1,0.8262541010498688
01365.jpg,1,3,0.936285,0.96641046,0.936285,0.9324533,0.9908608661,0,1.874263722879964
01366.jpg,0,0,0.005384938,0.0014103585,0.005384938,0.0058199596,0.0043952316,0,1.305768416596105
01367.jpg,1,2,0.9449947,0.8031738,0.9449947,0.891055,0.9787921131,1,0.6642370722156009
01368.jpg,0,4,0.03234433,0.18068422,0.03234433,0.03234433,0.0546380877,1,1.3865364819517505
01369.jpg,0,2,0.02350945,0.037326884,0.02350945,0.026556574,0.05702548,0,0.8758927883535038
01370.jpg,1,0,0.99242276,0.9914225,0.99242276,0.99724233,0.998448573,1,1.7997335970218706
01371.jpg,0,4,0.124851815,0.023330769,0.124851815,0.1384618,0.1004095647,1,0.8901620645022111
01372.jpg,0,2,0.07807816,0.18417986,0.07807816,0.037892424,0.1673455595,0,1.4398622246070325
01373.jpg,0,3,0.044018652,0.3897788,0.044018652,0.04813677,0.007885154,1,0.9426532818532818
01374.jpg,0,1,0.12002563,0.008061992,0.12002563,0.14511536,0.1315550029,1,1.1505161500066934
01375.jpg,1,2,0.1338675,0.076407686,0.1338675,0.17781086,0.1084619692,0,0.9778075424436404
01376.jpg,0,4,0.031143833,0.010489091,0.031143833,0.01395571,0.0034162163,0,0.5636505553403074
01377.jpg,0,1,0.054198727,0.5549529,0.054198727,0.07531231,0.1246860508,0,1.154932346945948
01378.jpg,1,0,0.99361163,0.9921841,0.99361163,0.9964064,0.9996716138,1,1.305327930474529
01379.jpg,0,4,0.012624949,0.032100707,0.012624949,0.019419348,0.0090156512,1,1.2636438394827323
01380.jpg,0,4,0.006692851,0.00818791,0.006692851,0.008916127,0.0109724445,1,0.9890060960600048
01381.jpg,1,4,0.8840393,0.97482115,0.8840393,0.8891444,0.9640299821,1,1.466607994686311
01382.jpg,0,0,0.048496004,0.12336561,0.048496004,0.044680875,0.0657836221,1,2.5221208309373204
01383.jpg,0,2,0.026355354,0.02865267,0.026355354,0.016403032,0.0221671884,0,1.3021985345313485
01384.jpg,0,1,0.02479816,0.16291204,0.02479816,0.01717671,0.0081706498,0,1.5390671028996663
01385.jpg,1,0,0.9931496,0.9263037,0.9931496,0.98173577,0.9980375858,1,1.0319633005166196
01386.jpg,0,1,0.021287352,0.07751766,0.021287352,0.020645931,0.036667339,1,1.0726433979026246
01387.jpg,0,1,0.004905406,0.026355354,0.004905406,0.010169658,0.0032069351,0,1.14371677598856
01388.jpg,1,0,0.99923277,0.9957353,0.99923277,0.9990601,0.9995737875,0,1.882285702722392
01389.jpg,1,4,0.997917,0.9975274,0.997917,0.99724233,0.9998082715,0,1.3538062279406244
01390.jpg,1,4,0.9933072,0.9943581,0.9933072,0.9829547,0.9994231126,0,1.7667171845275842
01391.jpg,1,1,0.9950177,0.9998416,0.9950177,0.9975656,0.9985041357,0,0.6737776409298111
01392.jpg,0,1,0.020023441,0.004070138,0.020023441,0.019568676,0.0073828189,0,1.0411768238968526
01393.jpg,1,1,0.9961755,0.9991441,0.9961755,0.9984022,0.9995255972,0,1.1970476733791289
01394.jpg,0,3,0.0075772405,0.0023231625,0.0075772405,0.015784562,0.0023244422,1,0.7535841214154972
01395.jpg,0,1,0.6934729,0.016152835,0.6934729,0.5554352,0.2166442275,0,1.3206459731543625
01396.jpg,1,2,0.45616752,0.96765566,0.45616752,0.7442848,0.9654073989,0,1.2574742798353908
01397.jpg,0,0,0.04813677,0.033844035,0.04813677,0.016914913,0.0283131922,1,1.3415186393289842
01398.jpg,1,2,0.98866826,0.57737625,0.98866826,0.9850429,0.998855963,0,1.438451433121019
01399.jpg,1,3,0.97344345,0.9105454,0.97344345,0.9585377,0.9973427603,1,1.3932982504100602
01400.jpg,1,1,0.993807,0.9156582,0.993807,0.9921841,0.9995407798,0,1.2218860406136072
01401.jpg,0,2,0.53005403,0.96641046,0.53005403,0.35309356,0.5566366697,1,0.6043695129908648
01402.jpg,0,2,0.004905406,0.0075772405,0.004905406,0.008061992,0.0037443996,1,0.7062840853259089
01403.jpg,0,4,0.020645931,0.0075772405,0.020645931,0.03875619,0.0228778855,0,0.8000055452865065
01404.jpg,0,4,0.18653922,0.86703575,0.18653922,0.061875984,0.0245317814,1,1.6267649458338906
01405.jpg,1,1,0.9921841,0.987375,0.9921841,0.9979493,0.9994967482,1,1.1846223559166156
01406.jpg,1,2,0.9959299,0.9995122,0.9959299,0.9966234,0.9995494681,1,1.153916849015317
01407.jpg,1,0,0.9984269,0.9989837,0.9984269,0.99824536,0.9995309313,1,0.9004609809600276
01408.jpg,1,0,0.98892784,0.9549844,0.98892784,0.9566342,0.9949434118,0,2.23300078330841
01409.jpg,0,2,0.02350945,0.18242551,0.02350945,0.020645931,0.0038554871,0,1.2970001649620586
01410.jpg,1,4,0.99553156,0.98677725,0.99553156,0.9877587,0.9997065952,0,1.742799831525745
01411.jpg,1,0,0.997917,0.99832565,0.997917,0.99804294,0.99982147,1,1.8335933220068652
01412.jpg,1,3,0.9309621,0.997981,0.9309621,0.9532751,0.9979066653,1,0.8985627811543723
01413.jpg,0,0,0.07004896,0.13753247,0.07004896,0.045692034,0.0274446278,1,0.6607868383404865
01414.jpg,0,1,0.008985428,0.0074606435,0.008985428,0.019419348,0.0035830461,0,1.45242487104732
01415.jpg,1,3,0.89256257,0.31531414,0.89256257,0.9046505,0.9347470042,0,0.7317674688796681
01416.jpg,1,0,0.052037824,0.22337706,0.052037824,0.2758119,0.4543474912,0,1.501818426506608
01417.jpg,0,4,0.029986508,0.28397995,0.029986508,0.021615334,0.0180740107,1,1.11018067379098
01418.jpg,1,1,0.15052763,0.98934746,0.15052763,0.18832397,0.0664029829,0,0.9179031917885264
01419.jpg,0,0,0.15662017,0.0069038384,0.15662017,0.11299101,0.0119121283,0,0.7760047085125842
01420.jpg,0,3,0.0018102109,0.0006462033,0.0018102109,0.0012065897,0.0009093477,0,0.8720625982189628
01421.jpg,0,3,0.0033766124,0.0015978456,0.0033766124,0.007815889,0.0010764826,1,0.9739759808200108
01422.jpg,0,2,0.0070117954,0.30074558,0.0070117954,0.010013571,0.0075890584,0,1.153182698417501
01423.jpg,1,1,0.8688268,0.87705624,0.8688268,0.89733595,0.9231427001,0,1.1550711718188351
01424.jpg,1,2,0.9845754,0.9890131,0.9845754,0.9787127,0.9985015579,1,0.7845884408742372
01425.jpg,0,4,0.3777702,0.053403333,0.3777702,0.7364006,0.2149687433,1,0.808365336338678
01426.jpg,0,2,0.039638843,0.18802561,0.039638843,0.027169233,0.0429174057,0,1.1052080107875943
01427.jpg,1,2,0.9918121,0.7538293,0.9918121,0.983343,0.9988040494,1,1.7551956975725869
01428.jpg,1,1,0.6018276,0.98803884,0.6018276,0.5004883,0.9756066907,1,1.242925146795382
01429.jpg,0,4,0.0069038384,0.2564594,0.0069038384,0.010818448,0.0273899637,0,2.945895356694661
01430.jpg,1,0,0.9969722,0.9949397,0.9969722,0.99605453,0.9989251802,0,0.7027988544533456
01431.jpg,0,2,0.012624949,0.037892424,0.012624949,0.0063883206,0.005067331,0,1.0169963635405412
01432.jpg,0,2,0.0005792917,0.0014779429,0.0005792917,0.0009697519,0.0004076453,0,0.8438262313319623
01433.jpg,0,1,0.023870835,0.01150815,0.023870835,0.0946777,0.0083898237,0,0.8926777547590197
01434.jpg,1,4,0.98667485,0.9829547,0.98667485,0.94208187,0.997779024,0,0.986563978056194
01435.jpg,1,4,0.9926542,0.9959927,0.9926542,0.99242276,0.999518398,1,0.8424566576666193
01436.jpg,0,2,0.09434341,0.84234506,0.09434341,0.035144847,0.6355722701,0,1.4335056354450058
01437.jpg,0,0,0.004645557,0.0022518474,0.004645557,0.0017007226,0.0027732242,1,1.0079889981385135
01438.jpg,1,1,0.96210754,0.9216402,0.96210754,0.9840936,0.9979121535,1,0.8706998874450015
01439.jpg,0,4,0.00091105123,0.0012448434,0.00091105123,0.0020507434,0.0012675397,1,0.7029976044665108
01440.jpg,0,0,0.1576549,0.908618,0.1576549,0.2150209,0.0286014882,0,1.0641148869107957
01441.jpg,0,4,0.16398025,0.3970029,0.16398025,0.16344544,0.2323470376,0,1.5062061878859758
01442.jpg,1,3,0.9390248,0.98173577,0.9390248,0.96538115,0.9939907615,1,1.432921086286015
01443.jpg,0,4,0.0073458264,0.003172683,0.0073458264,0.02211659,0.0118954627,1,1.2266473247419205
01444.jpg,0,2,0.076132484,0.08269734,0.076132484,0.020645931,0.0542005326,1,1.1217724735184655
01445.jpg,1,3,0.9532751,0.98951083,0.9532751,0.91490096,0.9962666893,1,2.232284858095033
01446.jpg,1,3,0.98087597,0.73979855,0.98087597,0.96765566,0.9226809741,0,0.6377908393929163
01447.jpg,0,1,0.0060975617,0.5481898,0.0060975617,0.003222484,0.0130547411,0,1.206731950207469
01448.jpg,1,0,0.99629277,0.9879462,0.99629277,0.9930962,0.9995932647,0,1.9089935196893064
01449.jpg,1,1,0.84286314,0.8255897,0.84286314,0.85096467,0.9595782894,0,0.5697487237637034
01450.jpg,1,3,0.9130583,0.99847525,0.9130583,0.94891727,0.9987018042,0,1.5048185109089132
01451.jpg,1,4,0.93991333,0.13477592,0.93991333,0.967163,0.9956972829,1,1.1726006080707574
01452.jpg,0,1,0.11920292,0.018689308,0.11920292,0.08329193,0.089626377,1,1.385444488233307
01453.jpg,1,1,0.9532751,0.5679366,0.9532751,0.9838472,0.9989381269,1,1.7865249385019932
01454.jpg,0,1,0.008577485,0.0047552,0.008577485,0.051082738,0.0255072936,1,1.3865440161263598
01455.jpg,0,0,0.7895584,0.11797802,0.7895584,0.6934989,0.4472548849,1,1.414462425929251
01456.jpg,1,2,0.8710367,0.2295352,0.8710367,0.880797,0.8728215605,1,0.5842751640842101
01457.jpg,0,1,0.06560483,0.26015443,0.06560483,0.2962469,0.0388037587,1,1.0876821742496698
01458.jpg,0,2,0.002889581,0.15278916,0.002889581,0.008061992,0.0045917128,0,1.385962802011183
01459.jpg,0,2,0.01627746,0.39595136,0.01627746,0.016152835,0.0136699639,0,1.7586211784324624
01460.jpg,1,1,0.9736447,0.9921841,0.9736447,0.9780517,0.9971153198,0,1.5302808251090687
01461.jpg,0,1,0.03021459,0.055412795,0.03021459,0.08694165,0.0225055544,1,0.8735041502532358
01462.jpg,1,3,0.019870713,0.12002563,0.019870713,0.03044435,0.0155647277,0,0.9771542051334076
01463.jpg,1,3,0.96267307,0.9353465,0.96267307,0.95531917,0.997810024,1,0.963017552055526
01464.jpg,1,0,0.9843364,0.99965405,0.9843364,0.98657167,0.9982133478,0,2.2330804803975703
01465.jpg,0,2,0.14318772,0.23722233,0.14318772,0.1592174,0.036087927,0,1.3883682537623248
01466.jpg,1,0,0.93698055,0.7940658,0.93698055,0.9263037,0.9156416421,0,2.0677503863103075
01467.jpg,0,3,0.0094125895,0.2814056,0.0094125895,0.022286188,0.0296723487,1,0.9576632835820896
01468.jpg,0,2,0.013222823,0.0001313518,0.013222823,0.0062899017,0.0040073786,0,0.7615761070224235
01469.jpg,0,3,0.003324437,0.068537496,0.003324437,0.016914913,0.0007577949,0,1.0781948873496388
01470.jpg,0,0,0.022286188,0.03234433,0.022286188,0.010169658,0.0022048581,0,1.4902038875403063
01471.jpg,1,4,0.9884919,0.99390244,0.9884919,0.97134733,0.999179759,1,1.481512671657448
01472.jpg,1,1,0.99884856,0.9979493,0.99884856,0.9905874,0.9996740812,1,0.8715279801807053
01473.jpg,0,3,0.0070117954,0.0047552,0.0070117954,0.0023596606,0.0009169499,1,0.9846865192749076
01474.jpg,0,1,0.0073458264,0.025565213,0.0073458264,0.005060332,0.0016274081,1,1.0645533733701238
01475.jpg,1,0,0.99174845,0.88038635,0.99174845,0.9830851,0.9961174932,1,1.6399640497473766
01476.jpg,1,2,0.86153823,0.005384938,0.86153823,0.6638869,0.2448404838,1,1.0216665132547864
01477.jpg,0,3,0.022286188,0.018546565,0.022286188,0.007937994,0.0036593346,1,1.1462586695320895
01478.jpg,0,3,0.026759284,0.002631674,0.026759284,0.019124037,0.0030425869,1,1.0900687163059612
01479.jpg,1,2,0.9606575,0.96267307,0.9606575,0.94539934,0.9961055161,0,2.030827244613607
01480.jpg,1,4,0.96691406,0.6932134,0.96691406,0.95976204,0.9977556387,0,0.621123107569721
01481.jpg,0,4,0.0030278354,0.033589505,0.0030278354,0.0032730645,0.0011728367,0,1.1653384359466898
01482.jpg,0,3,0.018978037,0.020964239,0.018978037,0.010013571,0.0032738186,0,0.9924080737974258
01483.jpg,0,4,0.0894546,0.6226888,0.0894546,0.59948516,0.0101566082,0,0.8721939882243571
01484.jpg,1,1,0.98481095,0.7446563,0.98481095,0.9736447,0.9992969821,0,2.0158494407644696
01485.jpg,1,3,0.9884919,0.9921841,0.9884919,0.9951703,0.9997411332,1,1.2047298901046737
01486.jpg,0,4,0.013020489,0.5243947,0.013020489,0.035144847,0.0251498949,1,1.5985966801824631
01487.jpg,1,2,0.020645931,0.21766995,0.020645931,0.057918087,0.0165998067,1,1.1627218214607755
01488.jpg,0,1,0.013636835,0.0012065897,0.013636835,0.0094125895,0.0045107811,0,1.0692071684651114
01489.jpg,0,2,0.0153063545,0.004331502,0.0153063545,0.007815889,0.0044290041,1,1.2899316872534774
01490.jpg,1,0,0.96765566,0.9073123,0.96765566,0.98959166,0.9924566535,0,1.527223090849243
01491.jpg,0,0,0.005220126,0.029986508,0.005220126,0.0032986512,0.0018711419,1,0.7929551190899395
01492.jpg,0,0,0.2536761,0.2193375,0.2536761,0.7181993,0.1765159919,0,1.3449790695209831
01493.jpg,0,4,0.0074606435,0.014281934,0.0074606435,0.009859855,0.0065462192,0,1.6619590759277345
01494.jpg,0,1,0.005554925,0.04535258,0.005554925,0.014728613,0.0060108635,1,0.7541719595063098
01495.jpg,0,1,0.012431651,0.06560483,0.012431651,0.020023441,0.0035485556,0,0.9207449190955922
01496.jpg,0,1,0.054198727,0.23248434,0.054198727,0.09947021,0.0262200192,0,0.577034476487157
01497.jpg,0,1,0.010489091,0.038466193,0.010489091,0.013428255,0.0068228198,1,1.015332296591192
01498.jpg,0,2,0.01798621,0.023689471,0.01798621,0.010818448,0.0064152798,0,0.8990900572104952
01499.jpg,1,0,0.99863297,0.9933072,0.99863297,0.99687636,0.9994520273,0,1.5657329855694229
01500.jpg,0,3,0.024237636,0.006692851,0.024237636,0.011869121,0.0125144507,1,1.1969307692307691
01501.jpg,1,3,0.98951083,0.6383846,0.98951083,0.99014014,0.9965671903,1,1.699976054651736
01502.jpg,1,0,0.98173577,0.94208187,0.98173577,0.98951083,0.9975229227,0,1.623372287145242
01503.jpg,0,4,0.043691058,0.40450743,0.043691058,0.008985428,0.0839143332,1,1.1566401339909218
01504.jpg,1,2,0.8489722,0.983597,0.8489722,0.9511422,0.9517459491,1,1.8865065353929724
01505.jpg,0,1,0.0011160143,0.0061929906,0.0011160143,0.0020190137,0.0005236616,0,1.1131098178137653
01506.jpg,0,4,0.001264422,0.0021827165,0.001264422,0.0039454065,0.0005067092,1,0.8657409877459021
01507.jpg,1,1,0.8633916,0.85342485,0.8633916,0.9092645,0.9921356823,0,1.3459342350846328
01508.jpg,0,4,0.0044683847,0.027585285,0.0044683847,0.002631674,0.0022345494,1,1.099491662584918
01509.jpg,1,3,0.997783,0.89029425,0.997783,0.9959927,0.9994622766,0,1.439951601338432
01510.jpg,1,3,0.9950177,0.99736834,0.9950177,0.9838472,0.9994402846,1,1.828415875618076
01511.jpg,0,0,0.014842418,0.3826027,0.014842418,0.028436035,0.0074890252,0,0.9262868431704444
01512.jpg,1,2,0.95822614,0.840259,0.95822614,0.9348725,0.9965652157,0,1.825450575313808
01513.jpg,1,2,0.97903574,0.8697146,0.97903574,0.95822614,0.9977254151,1,1.510930147519746
01514.jpg,1,3,0.98102194,0.2986959,0.98102194,0.96641046,0.9922836956,0,1.1638537190082645
01515.jpg,1,2,0.99486035,0.99973875,0.99486035,0.9923044,0.9990461138,0,0.7722612107623318
01516.jpg,1,2,0.9991441,0.9965166,0.9991441,0.9994116,0.9997703571,0,1.079436485055307
01517.jpg,0,1,0.009859855,0.0031236487,0.009859855,0.010489091,0.0018382639,1,0.9823071165697927
01518.jpg,0,3,0.012624949,0.0111580305,0.012624949,0.013636835,0.0086671917,1,1.1292814591378195
01519.jpg,0,0,0.08122775,0.0007321813,0.08122775,0.053799644,0.0154579738,1,0.5798767273869347
01520.jpg,1,3,0.9635062,0.89733595,0.9635062,0.95822614,0.9973977776,1,1.2952137858835198
01521.jpg,0,2,0.0145035805,0.30798206,0.0145035805,0.011331755,0.0104008643,1,1.55500109871791
01522.jpg,1,3,0.9719925,0.96653706,0.9719925,0.98173577,0.9967914099,1,2.2283067268252665
01523.jpg,1,3,0.992062,0.9984988,0.992062,0.9736447,0.996857346,0,0.7881418977096607
01524.jpg,1,4,0.7588682,0.4132403,0.7588682,0.7634837,0.6544248278,0,1.309758771401739
01525.jpg,0,3,0.004198795,0.14706452,0.004198795,0.0045384313,0.0029922394,1,0.6988810365650873
01526.jpg,1,0,0.60299706,0.98657167,0.60299706,0.48047867,0.9785471341,0,1.5556374078275663
01527.jpg,0,4,0.0036499873,0.0063883206,0.0036499873,0.0014103585,0.0006170392,0,0.7866324734296337
01528.jpg,1,0,0.9921841,0.9966234,0.9921841,0.9964064,0.9980111912,0,0.8699097535786339
01529.jpg,0,2,0.10302443,0.7409249,0.10302443,0.038466193,0.0342761951,0,0.9420913076968656
01530.jpg,0,3,0.035144847,0.7994423,0.035144847,0.08509904,0.0172114198,0,1.3075577596659034
01531.jpg,1,2,0.9975656,0.994615,0.9975656,0.9926542,0.9990672565,1,1.9121208218145265
01532.jpg,1,0,0.98087597,0.20689406,0.98087597,0.9863631,0.9899084813,0,1.0814260717410324
01533.jpg,0,2,0.44721887,0.7759446,0.44721887,0.16291204,0.1571583554,1,0.9842668765990948
01534.jpg,1,2,0.98282325,0.936285,0.98282325,0.98677725,0.9986412369,0,1.0943667507763974
01535.jpg,1,0,0.91789335,0.5748722,0.91789335,0.9572778,0.9275757874,1,1.520660766552281
01536.jpg,1,3,0.9522199,0.90397453,0.9522199,0.9838472,0.9970255221,0,1.58458027352961
01537.jpg,1,4,0.99837697,0.9967775,0.99837697,0.9976404,0.9998844238,0,0.7697564345561795
01538.jpg,1,2,0.99014014,0.9877587,0.99014014,0.99687636,0.9989498493,0,1.5274108818011258
01539.jpg,1,1,0.9941801,0.99549675,0.9941801,0.9959299,0.9991173364,1,0.9729036097491652
01540.jpg,1,3,0.9950177,0.9995695,0.9950177,0.99444515,0.9992950359,0,0.5615891855993328
01541.jpg,0,1,0.005911069,0.042722195,0.005911069,0.004331502,0.0019428241,0,0.7716239109390126
01542.jpg,0,0,0.18982127,0.6982266,0.18982127,0.30611202,0.2862709517,1,2.148482841493405
01543.jpg,0,0,0.13117322,0.5709295,0.13117322,0.098079324,0.0585862162,1,1.3888717745174928
01544.jpg,1,4,0.9890976,0.9329437,0.9890976,0.98282325,0.9976222164,1,2.3043033526633128
01545.jpg,0,2,0.0047552,0.0019877744,0.0047552,0.0035936027,0.0023970383,0,1.2136566238598483
01546.jpg,1,4,0.9230392,0.5664982,0.9230392,0.9719925,0.8259796262,0,2.2340881658357388
01547.jpg,0,0,0.0022872274,0.0018102109,0.0022872274,0.0023231625,0.0011756184,0,1.1947303652610128
01548.jpg,1,4,0.77696157,0.5486735,0.77696157,0.4433594,0.7555338282,0,1.897166565891226
01549.jpg,0,0,0.0023231625,0.010328153,0.0023231625,0.0037072531,0.0021164662,1,1.0733916544222786
01550.jpg,1,3,0.9926542,0.99963164,0.9926542,0.992062,0.9979434897,1,1.303543991534275
01551.jpg,1,2,0.9957353,0.997981,0.9957353,0.9969246,0.9993825789,0,1.262741351708777
01552.jpg,0,3,0.020964239,0.015072629,0.020964239,0.0627892,0.0240145993,0,0.7808360397479398
01553.jpg,0,3,0.0019267347,0.0012065897,0.0019267347,0.0046095727,0.0014973247,0,0.8885202312138728
01554.jpg,0,0,0.016914913,0.019419348,0.016914913,0.027585285,0.0147263092,1,3.136132680621201
01555.jpg,1,0,0.94699025,0.9257686,0.94699025,0.6274948,0.8555790465,0,1.3601025172158892
01556.jpg,0,2,0.01798621,0.017712297,0.01798621,0.017576883,0.0106000823,1,1.1173479391560357
01557.jpg,0,4,0.008061992,0.03044435,0.008061992,0.0069038384,0.0024933143,1,2.2348167890870934
01558.jpg,0,1,0.009559399,0.005911069,0.009559399,0.017442483,0.0023212851,1,1.6924624060150375
01559.jpg,1,0,0.9838472,0.9967269,0.9838472,0.9843364,0.9978764972,1,0.9555367956481576
01560.jpg,1,4,0.9975274,0.95430803,0.9975274,0.99580115,0.9996067782,0,1.2215245120420044
01561.jpg,1,0,0.9518632,0.8601343,0.9518632,0.9563089,0.9853037811,0,1.0440311635102306
01562.jpg,0,0,0.016403032,0.29543313,0.016403032,0.0053018946,0.0135281919,0,1.3189126572603138
01563.jpg,0,0,0.09268778,0.24798743,0.09268778,0.055005282,0.1852840353,1,1.4731085148298129
01564.jpg,1,2,0.9843364,0.9998766,0.9843364,0.99155444,0.9987680928,0,1.546824574348583
01565.jpg,1,1,0.67362124,0.60533255,0.67362124,0.81047887,0.9341643724,0,0.8295114006514658
01566.jpg,0,2,0.0019877744,0.00023782205,0.0019877744,0.005220126,0.0010711024,0,1.764789821142327
01567.jpg,1,4,0.9890131,0.7826625,0.9890131,0.9890131,0.9995105117,0,1.680137611220027
01568.jpg,1,3,0.9394706,0.9334308,0.9394706,0.82949203,0.9937642389,1,1.3288477105231364
01569.jpg,1,1,0.9005298,0.8517063,0.9005298,0.9235924,0.9550927498,0,0.9512020667330676
01570.jpg,0,1,0.029090757,0.7577944,0.029090757,0.096705794,0.051140389,1,1.1709652468072167
01571.jpg,1,1,0.9834705,0.9876639,0.9834705,0.971564,0.9979284517,0,5.948892258064515
01572.jpg,1,3,0.9898303,0.96295285,0.9898303,0.9968273,0.9995441242,0,1.033440114657577
01573.jpg,1,0,0.9811669,0.6329566,0.9811669,0.9825575,0.9898098112,0,0.783646531452087
01574.jpg,0,2,0.014842418,0.5398324,0.014842418,0.028436035,0.0465422257,1,1.0692125421205234
01575.jpg,1,1,0.9522199,0.97879386,0.9522199,0.9591543,0.9936546981,0,1.000437911068638
01576.jpg,0,4,0.11047115,0.23440666,0.11047115,0.022286188,0.0382674455,1,1.094743525920253
01577.jpg,0,3,0.010652511,0.0004955359,0.010652511,0.009708477,0.0012552879,0,1.727214530789141
01578.jpg,0,1,0.059646945,0.014281934,0.059646945,0.0226292,0.0116555532,1,1.0770558635025116
01579.jpg,1,1,0.9879462,0.9851576,0.9879462,0.9875683,0.9988732069,1,0.8270799966067186
01580.jpg,1,1,0.971779,0.76942694,0.971779,0.9849274,0.9969908746,1,1.0984081342017633
01581.jpg,0,0,0.060975183,0.87147486,0.060975183,0.060975183,0.0466062743,1,0.9530527926549348
01582.jpg,0,0,0.07864238,0.52658623,0.07864238,0.08299415,0.0344839848,0,1.0819364875543265
01583.jpg,0,0,0.030675799,0.04054074,0.030675799,0.0073458264,0.0024381096,0,0.962974170244667
01584.jpg,0,3,0.02615562,0.37159258,0.02615562,0.04535258,0.0383328574,1,1.440063149993473
01585.jpg,0,3,0.08509904,0.0038244838,0.08509904,0.04885778,0.0750818153,0,1.7952080493579166
01586.jpg,1,0,0.99356186,0.966156,0.99356186,0.9978173,0.9986003483,0,1.035089509415663
01587.jpg,1,1,0.96765566,0.7478001,0.96765566,0.9795115,0.9989030264,1,1.6677997206703912
01588.jpg,0,3,0.20307463,0.1968262,0.20307463,0.2821962,0.1437363936,1,0.923414950407959
01589.jpg,1,4,0.994615,0.9728308,0.994615,0.9964064,0.9991121415,0,1.1033994464944648
01590.jpg,1,2,0.96095175,0.8812066,0.96095175,0.8344069,0.9780403369,1,2.201238151658768
01591.jpg,0,4,0.049589027,0.15253651,0.049589027,0.026759284,0.0080047995,0,1.4520690219401835
01592.jpg,0,0,0.32874492,0.013532149,0.32874492,0.49609384,0.0696153061,1,1.1670939568131682
01593.jpg,0,4,0.0031236487,0.064653486,0.0031236487,0.004133968,0.0031357048,1,1.090387747123869
01594.jpg,1,4,0.9988121,0.999015,0.9988121,0.9991959,0.999913444,1,1.0549879138061176
01595.jpg,1,4,0.9994967,0.990732,0.9994967,0.9923044,0.9989705673,1,0.6580300715881628
01596.jpg,0,3,0.15052763,0.0094125895,0.15052763,0.0715912,0.0424767601,0,1.235538512296284
01597.jpg,0,3,0.019419348,0.057918087,0.019419348,0.02442309,0.0040941365,1,1.876316957822604
01598.jpg,1,2,0.9928786,0.9623913,0.9928786,0.9916842,0.997312815,1,1.0321691591584672
01599.jpg,0,0,0.014728613,0.0075772405,0.014728613,0.005179713,0.0106224116,0,1.0887765047357163
01600.jpg,0,3,0.029986508,0.1305069,0.029986508,0.04885778,0.0123845118,0,1.4527052194892316
01601.jpg,1,0,0.992062,0.99605453,0.992062,0.99635005,0.996187271,1,1.1182903589877151
01602.jpg,0,3,0.055412795,0.018264279,0.055412795,0.086323485,0.0109609905,0,0.9386706026683024
01603.jpg,0,0,0.008061992,0.0046095727,0.008061992,0.0079997545,0.0078373813,0,0.7262005011938816
01604.jpg,1,1,0.69388795,0.75851065,0.69388795,0.6590761,0.9957182883,1,0.9672137308313156
01605.jpg,0,2,0.04885778,0.02931223,0.04885778,0.025565213,0.0132411674,0,1.3716226219699297
01606.jpg,1,2,0.83548355,0.3598139,0.83548355,0.85293543,0.9357694927,1,1.014578559257301
01607.jpg,0,3,0.061875984,0.022457056,0.061875984,0.03044435,0.074777974,1,1.8468648730758843
01608.jpg,0,3,0.066085376,0.57534945,0.066085376,0.04922212,0.0160357546,1,1.046985034161154
01609.jpg,0,1,0.0013045067,9.0280395e-05,0.0013045067,0.00085590064,0.0009344835,0,0.9276390188354056
01610.jpg,0,2,0.07864238,0.0015731121,0.07864238,0.043365803,0.0185222503,1,0.8153791185004914
01611.jpg,1,0,0.99611557,0.9888419,0.99611557,0.99477994,0.9991531108,1,1.5040044115893645
01612.jpg,0,3,0.05582314,0.891811,0.05582314,0.038466193,0.0990050756,0,1.8897485569560608
01613.jpg,1,0,0.99886644,0.9635062,0.99886644,0.9976769,0.9992867133,1,1.576237011345765
01614.jpg,1,0,0.99248135,0.9890131,0.99248135,0.9952448,0.9992535001,1,1.5955139734366357
01615.jpg,1,3,0.3584653,0.0726367,0.3584653,0.46708867,0.778534826,0,1.236487802629962
01616.jpg,0,1,0.021125194,0.029090757,0.021125194,0.043365803,0.0207750763,0,1.0252279124480108
01617.jpg,0,4,0.23722233,0.0007554056,0.23722233,0.30756596,0.1475882098,1,1.2556848835581276
01618.jpg,1,2,0.97737074,0.95362175,0.97737074,0.9722044,0.997954898,1,1.3156623481781378
01619.jpg,0,3,0.09138211,0.41774648,0.09138211,0.06052939,0.0156168669,1,0.9951278291302864
01620.jpg,1,2,0.9884919,0.91490096,0.9884919,0.98201376,0.9969262895,0,1.1107893272797034
01621.jpg,0,0,0.0021157037,0.049589027,0.0021157037,0.0030753699,0.0030180392,0,1.0421780717761555
01622.jpg,0,2,0.059646945,0.004681823,0.059646945,0.092032865,0.0262874279,1,0.7325089213886424
01623.jpg,0,0,0.06804042,0.0011335689,0.06804042,0.023153411,0.0064212153,1,1.1036652623515897
01624.jpg,0,4,0.033589505,0.8656789,0.033589505,0.046378206,0.0258919864,0,1.7888933083455654
01625.jpg,1,0,0.97903574,0.99155444,0.97903574,0.8891444,0.9830559631,1,0.8656522985510268
01626.jpg,0,3,0.017712297,0.039342504,0.017712297,0.033589505,0.0113152336,0,1.337126909518214
01627.jpg,0,2,0.0011335689,0.010652511,0.0011335689,0.0016484831,0.0005364422,0,0.7270663603067611
01628.jpg,0,1,0.0042646346,0.010013571,0.0042646346,0.05582314,0.0113197313,1,0.7425406747429215
01629.jpg,0,1,0.033589505,0.21206881,0.033589505,0.045015533,0.0245096136,1,0.6031781721457962
01630.jpg,1,0,0.9954615,0.9983516,0.9954615,0.99760324,0.9995076664,1,1.5512858589267635
01631.jpg,0,1,0.019124037,0.11240508,0.019124037,0.0111580305,0.016672228,0,1.6123605891142907
01632.jpg,1,1,0.99553156,0.9697854,0.99553156,0.9887554,0.999391504,1,1.2791606401499933
01633.jpg,0,3,0.031380434,0.0060975617,0.031380434,0.09982066,0.0085886433,1,0.9329362299369016
01634.jpg,1,0,0.992597,0.66714764,0.992597,0.99371004,0.9942806693,0,0.6827237840634702
01635.jpg,0,2,0.014728613,0.048496004,0.014728613,0.011331755,0.0098160644,1,0.8748748556026185
01636.jpg,1,2,0.9939964,0.99936384,0.9939964,0.9942697,0.9991121896,0,1.0659289457962198
01637.jpg,0,0,0.31510338,0.08269734,0.31510338,0.22884513,0.537356899,0,2.2531798574971185
01638.jpg,1,2,0.8679338,0.9941801,0.8679338,0.81582016,0.9974178602,0,3.5883756038647348
01639.jpg,1,4,0.16559312,0.24436301,0.16559312,0.12678517,0.0904283223,0,1.3630364922351494
01640.jpg,0,1,0.008315779,0.15817435,0.008315779,0.0071214284,0.0289172854,0,0.8289473446938959
01641.jpg,1,3,0.9744348,0.99253935,0.9744348,0.97482115,0.9962028661,1,1.3608601323591911
01642.jpg,0,1,0.0018675659,0.17161581,0.0018675659,0.0054692747,0.0009244869,1,0.8241289592760181
01643.jpg,1,3,0.21206881,0.9213576,0.21206881,0.12336561,0.6749359529,1,1.5148601614267587
01644.jpg,1,1,0.9992679,0.9977482,0.9992679,0.99871576,0.9997265183,1,1.5032333645735707
01645.jpg,1,1,0.9930962,0.997783,0.9930962,0.99242276,0.9994077433,1,1.901759063709961
01646.jpg,0,2,0.008711384,0.0073458264,0.008711384,0.012821214,0.0065158854,1,0.6993915789473685
01647.jpg,0,4,0.0269635,0.13117322,0.0269635,0.010986944,0.0053204368,1,0.915591684434968
01648.jpg,0,4,0.0048297225,0.010986944,0.0048297225,0.002889581,0.0032022168,0,0.8082769043492614
01649.jpg,0,4,0.003538086,0.11516223,0.003538086,0.011244561,0.0130556852,0,1.2946475291213235
01650.jpg,1,2,0.9403531,0.54891527,0.9403531,0.9539661,0.9939655334,1,1.2793564749470714
01651.jpg,0,1,0.007815889,0.004905406,0.007815889,0.008315779,0.0054937536,1,1.031104236365835
01652.jpg,0,2,0.02017732,0.002800927,0.02017732,0.029760094,0.0150202671,1,1.3797500283254025
01653.jpg,1,1,0.059646945,0.057918087,0.059646945,0.015906392,0.0394019371,1,0.9612207447910196
01654.jpg,0,2,0.02297737,0.035678554,0.02297737,0.025565213,0.0228158282,0,1.344834337773522
01655.jpg,1,1,0.9969246,0.936285,0.9969246,0.9966756,0.9993628621,0,0.7834553177585363
01656.jpg,1,1,0.51391244,0.9390248,0.51391244,0.79565805,0.9479579654,1,1.452236346788672
01657.jpg,1,3,0.9879462,0.9975656,0.9879462,0.99029154,0.9994763551,1,1.1809078207685586
01658.jpg,1,3,0.9957353,0.98201376,0.9957353,0.98934746,0.9989532995,0,1.8882622511150624
01659.jpg,0,0,0.6090592,0.13614832,0.6090592,0.2833846,0.2667420485,0,1.2956242754463252
01660.jpg,0,4,0.028870907,0.60929173,0.028870907,0.011072161,0.013036313,1,1.2422740609915703
01661.jpg,0,3,0.010818448,0.0014550628,0.010818448,0.0038244838,0.0031829499,1,1.2811850670138296
01662.jpg,1,0,0.9956006,0.94815457,0.9956006,0.9927672,0.99924179,1,0.9217642432715834
01663.jpg,0,0,0.032100707,0.056652427,0.032100707,0.038466193,0.0040366949,1,1.122244054524362
01664.jpg,0,2,0.2043419,0.5585678,0.2043419,0.31700322,0.653094963,1,2.456492300724638
01665.jpg,1,0,0.9969246,0.98481095,0.9969246,0.99687636,0.9991954052,1,0.95665651762874
01666.jpg,1,2,0.99701905,0.99861145,0.99701905,0.997285,0.999847408,0,1.869869602811559
01667.jpg,0,4,0.06804042,0.38769034,0.06804042,0.06705628,0.0696400363,0,1.042055779844644
01668.jpg,0,2,0.004905406,0.0073458264,0.004905406,0.009859855,0.0033479395,1,1.2102680779052328
01669.jpg,1,4,0.9959927,0.99155444,0.9959927,0.9969246,0.9998834766,0,1.5870811352484508
01670.jpg,0,0,0.011331755,0.0039454065,0.011331755,0.01461567,0.0068708134,0,0.9368377475308338
01671.jpg,1,2,0.99740905,0.97068775,0.99740905,0.99657035,0.9995677935,1,0.9864437957812414
01672.jpg,1,1,0.9053223,0.035144847,0.9053223,0.844409,0.994372901,1,0.9804007936507936
01673.jpg,1,4,0.9374402,0.93195957,0.9374402,0.9235924,0.9876782484,0,1.3470633782791062
01674.jpg,1,4,0.9969246,0.997917,0.9969246,0.99371004,0.9994532597,0,1.8899304453612609
01675.jpg,1,1,0.5181805,0.6753365,0.5181805,0.39490083,0.9543101565,1,1.741581427494345
01676.jpg,1,4,0.09401019,0.024053553,0.09401019,0.25312182,0.1461276375,0,1.2327672576424529
01677.jpg,0,2,0.0036499873,0.060086645,0.0036499873,0.004198795,0.0019758069,1,1.0765074121190092
01678.jpg,1,2,0.5619361,0.99788433,0.5619361,0.89552265,0.8540685074,0,1.9028703317337785
01679.jpg,0,0,0.06301948,0.025565213,0.06301948,0.044680875,0.0413917471,0,1.2915249251457688
01680.jpg,0,1,0.0721122,0.36116472,0.0721122,0.036769465,0.0602358822,0,1.4839253411155349
01681.jpg,1,4,0.3173205,0.01717671,0.3173205,0.29992476,0.1775938206,0,0.8598085864598751
01682.jpg,1,0,0.9916842,0.9985221,0.9916842,0.98803884,0.9984499788,0,1.455853474758013
01683.jpg,0,3,0.007937994,0.0034834244,0.007937994,0.010013571,0.0025141322,0,0.8029647327987267
01684.jpg,1,1,0.97997653,0.9785493,0.97997653,0.9802808,0.9993030543,0,1.0345355145314878
01685.jpg,0,4,0.007937994,0.0047552,0.007937994,0.025371313,0.0029814043,0,1.5781429389449573
01686.jpg,1,4,0.8840393,0.6868954,0.8840393,0.9437636,0.9456005459,0,1.376605014093248
01687.jpg,1,1,0.5019531,0.28537196,0.5019531,0.6727618,0.666746314,1,0.8840954425363275
01688.jpg,1,3,0.97482115,0.96080494,0.97482115,0.97966766,0.9955034856,1,1.5149295660621762
01689.jpg,0,0,0.036769465,0.37090874,0.036769465,0.018264279,0.0079565951,0,1.247157116201695
01690.jpg,0,2,0.037047174,0.00032503586,0.037047174,0.04177388,0.009299518,0,1.548851778335899
01691.jpg,0,3,0.019124037,0.18535663,0.019124037,0.008577485,0.0013711468,0,0.7172089312158505
01692.jpg,0,2,0.0705596,0.0048297225,0.0705596,0.08329193,0.0242756025,1,1.0767611005480373
01693.jpg,1,1,0.9950177,0.95759624,0.9950177,0.99341017,0.9991508512,1,1.7377448490908614
01694.jpg,0,4,0.00498227,0.020645931,0.00498227,0.0046095727,0.0026590342,1,0.6848124774612333
01695.jpg,0,0,0.023330769,0.020964239,0.023330769,0.019271135,0.0105160662,0,0.4678026869537067
01696.jpg,0,0,0.025565213,0.19744445,0.025565213,0.037608635,0.0646125006,0,0.7644091340918044
01697.jpg,1,0,0.9981324,0.96295285,0.9981324,0.9959299,0.996240483,1,1.3041741340175663
01698.jpg,1,3,0.9981614,0.99635005,0.9981614,0.99863297,0.999768295,0,3.109894308943089
01699.jpg,1,3,0.8887587,0.9658996,0.8887587,0.65665823,0.536989739,1,1.1145149253731343
01700.jpg,0,2,0.030675799,0.053799644,0.030675799,0.02442309,0.0077476351,1,1.2187047027805524
01701.jpg,1,3,0.99629277,0.99135584,0.99629277,0.9962346,0.9995470358,1,1.5186522747349822
01702.jpg,1,0,0.998103,0.9991441,0.998103,0.99701905,0.9991031237,0,1.2866228679001313
01703.jpg,1,1,0.16559312,0.0023967307,0.16559312,0.14706452,0.5476131848,1,1.5115820230387624
01704.jpg,0,0,0.0016484831,0.00061662967,0.0016484831,0.00063619117,0.004655628,1,1.5243512409434252
01705.jpg,0,1,0.02297737,0.37799975,0.02297737,0.009268013,0.0154495752,1,1.3921966404172632
01706.jpg,0,0,0.0046095727,0.05033063,0.0046095727,0.01717671,0.0098278176,1,1.23130169513182
01707.jpg,1,3,0.98934746,0.999089,0.98934746,0.9954615,0.9988237526,1,1.811845762225728
01708.jpg,0,4,0.9079672,0.9928231,0.9079672,0.78116375,0.9080117971,0,1.0564827063725633
01709.jpg,0,1,0.01717671,0.005554925,0.01717671,0.021287352,0.0091260304,1,1.006927941610507
01710.jpg,0,2,0.023330769,0.073963374,0.023330769,0.0062899017,0.0040699062,0,1.1016157535360105
01711.jpg,0,0,0.0075772405,0.06903793,0.0075772405,0.020645931,0.0042443044,0,0.5768835079789786
01712.jpg,1,3,0.9965166,0.9975274,0.9965166,0.98934746,0.9996506804,0,1.054232339547969
01713.jpg,1,4,0.9825575,0.9899087,0.9825575,0.99193794,0.9992259481,1,0.853613843991567
01714.jpg,1,0,0.441673,0.65002304,0.441673,0.5039062,0.5354031675,0,1.7320796535326086
01715.jpg,0,0,0.2627473,0.12678517,0.2627473,0.24871662,0.0559819924,0,1.4006170236838136
01716.jpg,0,3,0.037326884,0.24653335,0.037326884,0.004905406,0.0075214458,1,1.1672987375827817
01717.jpg,0,4,0.17553806,0.024237636,0.17553806,0.24653335,0.0542018711,1,0.8189569043613304
01718.jpg,1,0,0.9511422,0.7106283,0.9511422,0.9539661,0.9909204769,1,1.897642100804744
01719.jpg,0,3,0.0037072531,0.021781173,0.0037072531,0.011687257,0.002513138,0,0.8311028653067704
01720.jpg,1,2,0.9697854,0.96538115,0.9697854,0.9046505,0.9755686207,1,0.9052496700395952
01721.jpg,1,0,0.98201376,0.9273633,0.98201376,0.98159516,0.9936218162,0,1.5069448044734113
01722.jpg,0,1,0.059210252,0.016403032,0.059210252,0.024609929,0.0328764218,1,1.2239226737862157
01723.jpg,1,3,0.99566853,0.9875683,0.99566853,0.9966756,0.9990214329,0,1.4701082878360543
01724.jpg,0,0,0.035277545,0.40450743,0.035277545,0.23669264,0.0138110803,1,1.4865924517011455
01725.jpg,0,4,0.002631674,0.048496004,0.002631674,0.0034834244,0.0014630027,0,1.7693367451732165
01726.jpg,1,0,0.9932025,0.9984269,0.9932025,0.99869555,0.9993979018,1,1.3614104226082446
01727.jpg,0,3,0.005139611,0.0058199596,0.005139611,0.008445628,0.0012568469,1,1.22014396360954
01728.jpg,0,0,0.0014103585,0.0010817153,0.0014103585,0.0030753699,0.0014467108,0,1.7349611887420744
01729.jpg,0,2,0.017712297,0.020023441,0.017712297,0.04084572,0.0200440082,1,1.083216273123778
01730.jpg,1,1,0.9953904,0.99586606,0.9953904,0.994089,0.9997148832,1,1.2957823026068036
01731.jpg,0,0,0.0047552,0.0005792917,0.0047552,0.0027149853,0.0043137685,0,2.69321347397224
01732.jpg,1,1,0.9992206,0.9992446,0.9992206,0.99871576,0.9998968734,0,1.4795549633577616
01733.jpg,1,1,0.997917,0.9850429,0.997917,0.98998636,0.9994661447,1,1.4613
01734.jpg,0,2,0.13660839,0.035678554,0.13660839,0.07004896,0.124500654,1,1.142540425029051
01735.jpg,0,4,0.0087791085,0.003222484,0.0087791085,0.0019877744,0.0051704797,0,1.4023099679327944
01736.jpg,0,0,0.06301948,0.65665823,0.06301948,0.30074558,0.115786956,0,0.9370325848753678
01737.jpg,0,2,0.0094125895,0.20244318,0.0094125895,0.0071214284,0.0064504544,1,0.9463446632521708
01738.jpg,0,1,0.0015978456,0.0023231625,0.0015978456,0.0017274587,0.0012162703,0,1.1057888540631449
01739.jpg,0,3,0.008061992,0.0071214284,0.008061992,0.005554925,0.0028846511,1,1.1807232246798602
01740.jpg,0,3,0.0047552,0.002631674,0.0047552,0.002434382,0.0085883286,1,0.991641543968112
01741.jpg,0,3,0.010818448,0.0022170132,0.010818448,0.005911069,0.0029992677,0,1.2850584874863982
01742.jpg,1,3,0.9975274,0.9993333,0.9975274,0.99580115,0.999506878,1,1.3807227892760785
01743.jpg,0,0,0.021287352,0.14511536,0.021287352,0.019719126,0.0068431705,0,1.0430763455373715
01744.jpg,0,0,0.013020489,0.063714996,0.013020489,0.010570488,0.0298683713,1,2.260515355979525
01745.jpg,0,3,0.009125638,0.07316472,0.009125638,0.0053018946,0.0094732988,0,1.0066760486734347
01746.jpg,0,4,0.10087861,0.07696084,0.10087861,0.08819005,0.0232240682,0,0.7852682778722371
01747.jpg,1,1,0.0062899017,0.037047174,0.0062899017,0.008711384,0.0034675798,0,0.964350819253121
01748.jpg,1,1,0.9985896,0.99298817,0.9985896,0.99824536,0.9997464351,0,1.1298627513885269
01749.jpg,0,4,0.0058199596,0.0025114636,0.0058199596,0.0022170132,0.0024780719,0,1.3415275096525094
01750.jpg,1,4,0.9961755,0.9780517,0.9961755,0.96182173,0.9996498172,0,1.558940322054183
01751.jpg,0,0,0.005384938,0.0094125895,0.005384938,0.0062899017,0.002318094,1,1.4023048994240883
01752.jpg,0,0,0.009268013,0.08756385,0.009268013,0.0054692747,0.0046167965,1,0.792919726858877
01753.jpg,0,0,0.0012065897,0.0014550628,0.0012065897,0.0014550628,0.0011354442,0,1.2645919430989023
01754.jpg,1,1,0.99580115,0.9881309,0.99580115,0.997065,0.999696371,1,0.8329460791806786
01755.jpg,0,4,0.0030753699,0.057071403,0.0030753699,0.002673006,0.0066777838,0,1.0880071973813918
01756.jpg,0,0,0.0062899017,0.057918087,0.0062899017,0.009859855,0.0072191819,0,0.8640079923453594
01757.jpg,1,0,0.96295285,0.99371004,0.96295285,0.9651191,0.9853668085,0,1.2016595457611872
01758.jpg,1,2,0.99580115,0.8062431,0.99580115,0.994615,0.9987868354,0,0.8967901563743973
01759.jpg,1,0,0.993807,0.9965166,0.993807,0.9869795,0.9965457461,0,1.386792228997117
01760.jpg,0,4,0.011072161,0.025957357,0.011072161,0.009859855,0.0020497627,1,0.8921106961668546
01761.jpg,0,1,0.0073458264,0.06560483,0.0073458264,0.006692851,0.0285464927,0,1.123594374754998
01762.jpg,1,2,0.98657167,0.9394706,0.98657167,0.96095175,0.997313991,1,1.044407472303866
01763.jpg,0,0,0.04620575,0.008577485,0.04620575,0.025178842,0.0212539188,1,1.093064335037689
01764.jpg,0,1,0.6018276,0.97090924,0.6018276,0.47621426,0.6281969505,0,1.1310370659993745
01765.jpg,1,2,0.966156,0.4445648,0.966156,0.7371582,0.9885028193,0,1.027361659676697
01766.jpg,0,4,0.0027576222,0.017848738,0.0027576222,0.0013885234,0.0016502565,1,1.0255199727750657
01767.jpg,0,0,0.0060035954,0.0047552,0.0060035954,0.0033766124,0.001910053,1,0.7277267961829774
01768.jpg,0,4,0.020332353,0.024237636,0.020332353,0.074231364,0.0280269251,1,0.8477466498349194
01769.jpg,1,1,0.97423947,0.83528215,0.97423947,0.98228765,0.9936421003,1,0.7860358160057848
01770.jpg,0,4,0.088820286,0.01150815,0.088820286,0.086323485,0.0872336602,0,0.9128343373493976
01771.jpg,1,1,0.9798227,0.9859904,0.9798227,0.9539661,0.9987489171,0,1.587530385925829
01772.jpg,1,2,0.97719735,0.96691406,0.97719735,0.93991333,0.9873748896,1,0.4373943456185849
01773.jpg,1,1,0.9979493,0.9885804,0.9979493,0.99605453,0.9998911443,1,1.4070938594179438
01774.jpg,0,1,0.013636835,0.17384851,0.013636835,0.0067975316,0.0147291771,1,0.8525607579193796
01775.jpg,0,2,0.04672496,0.069541745,0.04672496,0.044680875,0.0058553304,1,1.0003305785123968
01776.jpg,0,1,0.020488555,0.0028449094,0.020488555,0.012624949,0.0069051525,1,0.5370274304907632
01777.jpg,0,1,0.005641909,0.067546695,0.005641909,0.005554925,0.0066717145,1,2.0387998256827427
01778.jpg,1,2,0.9967269,0.99967504,0.9967269,0.9928786,0.999520295,0,0.8787813959048209
01779.jpg,1,0,0.94699025,0.7843191,0.94699025,0.9830851,0.9973165301,1,1.5371852610030703
01780.jpg,1,3,0.9740426,0.7409249,0.9740426,0.97068775,0.9713737066,1,1.5188699222126187
01781.jpg,0,1,0.0022518474,0.011687257,0.0022518474,0.0033766124,0.0015121548,0,1.1936200799507994
01782.jpg,1,2,0.9888419,0.98173577,0.9888419,0.97482115,0.9982177688,1,1.9611064109109475
01783.jpg,0,1,0.009125638,0.0053018946,0.009125638,0.0071214284,0.0142285178,1,1.2905117775619233
01784.jpg,1,3,0.99444515,0.9791955,0.99444515,0.9959927,0.999717927,1,0.8415078940703008
01785.jpg,0,2,0.013428255,0.029760094,0.013428255,0.024053553,0.0065624595,1,1.053883006881948
01786.jpg,1,2,0.9738444,0.9908744,0.9738444,0.96432143,0.9984032264,0,0.8161522090121827
01787.jpg,0,2,0.020964239,0.014172365,0.020964239,0.016785491,0.0192577988,0,1.3963793151681307
01788.jpg,0,0,0.037326884,0.086323485,0.037326884,0.014728613,0.0052681738,0,1.0687436515748032
01789.jpg,0,2,0.06705628,0.06903793,0.06705628,0.020332353,0.0266164031,0,0.7903644448987936
01790.jpg,0,0,0.004905406,0.0060975617,0.004905406,0.026759284,0.007950502,1,0.79234335675764
01791.jpg,1,2,0.9585377,0.9877587,0.9585377,0.9591543,0.985934043,0,0.6531440953564002
01792.jpg,0,2,0.057493277,0.016152835,0.057493277,0.051845472,0.0228177329,0,1.7091695638251638
01793.jpg,1,0,0.9651191,0.94122344,0.9651191,0.98201376,0.9988298936,0,1.192594958243118
01794.jpg,1,3,0.97887486,0.9997305,0.97887486,0.9804314,0.9984815442,0,3.2950598538978357
01795.jpg,0,0,0.16079244,0.04672496,0.16079244,0.20149878,0.0400927473,0,1.2266088141896123
01796.jpg,0,0,0.5302365,0.51098454,0.5302365,0.54383254,0.6023881217,0,1.3143882853094002
01797.jpg,0,2,0.064653486,0.1334152,0.064653486,0.04535258,0.1039925841,0,0.754042644443888
01798.jpg,1,4,0.012527933,0.23126683,0.012527933,0.027795624,0.0119210763,0,1.192707219910466
01799.jpg,1,1,0.94966936,0.98951083,0.94966936,0.97134733,0.9981413939,1,1.3797407949468494
01800.jpg,1,0,0.86904925,0.9539661,0.86904925,0.77662295,0.7389037948,1,1.2014856492027337
01801.jpg,1,2,0.99361163,0.8940517,0.99361163,0.9930962,0.9993313427,1,1.64114697576673
01802.jpg,0,1,0.027585285,0.0037072531,0.027585285,0.12506539,0.01854663,1,0.9621746359877764
01803.jpg,1,0,0.9969246,0.9465967,0.9969246,0.997917,0.9987965837,1,1.7881922239188033
01804.jpg,0,1,0.010652511,0.059646945,0.010652511,0.014281934,0.0240933327,1,1.487814212719799
01805.jpg,0,3,0.004905406,0.0070117954,0.004905406,0.005384938,0.0012098493,0,1.2054928269171226
01806.jpg,0,0,0.03904829,0.003222484,0.03904829,0.04023794,0.03703383,0,0.7531768110530246
01807.jpg,0,3,0.109705776,0.037326884,0.109705776,0.09947021,0.131347385,0,2.1240090052738068
01808.jpg,0,0,0.010328153,0.035678554,0.010328153,0.014842418,0.0236758302,1,0.8468597846249815
01809.jpg,1,1,0.99861145,0.99178034,0.99861145,0.99711037,0.999743445,1,1.7044304176651832
01810.jpg,1,0,0.9869795,0.9964064,0.9869795,0.9830851,0.9966015007,1,1.400599593495935
01811.jpg,1,4,0.9766692,0.9273633,0.9766692,0.98657167,0.9973494279,1,1.3559705188679243
01812.jpg,1,4,0.98951083,0.9998118,0.98951083,0.98228765,0.9993457159,1,1.7172050909819037
01813.jpg,0,4,0.08329193,0.02479816,0.08329193,0.11596071,0.006369087,0,0.7580348463746697
01814.jpg,1,4,0.9943581,0.9235924,0.9943581,0.9918121,0.9991912969,0,0.9399985931344964
01815.jpg,1,2,0.6410854,0.89442116,0.6410854,0.7599387,0.9846873566,0,2.7506243450925605
01816.jpg,0,4,0.0076956474,0.96295285,0.0076956474,0.010818448,0.0167314352,0,0.7552742415075883
01817.jpg,1,0,0.9656413,0.97344345,0.9656413,0.990732,0.9919630139,1,0.7698637496580444
01818.jpg,1,3,0.96432143,0.96432143,0.96432143,0.97344345,0.9948969491,0,0.7601908019835203
01819.jpg,1,4,0.027795624,0.84389514,0.027795624,0.015424551,0.0137341481,1,0.9182010636331902
01820.jpg,0,0,0.0060035954,0.0004305571,0.0060035954,0.004943689,0.0030686673,1,0.9499864102824628
01821.jpg,0,1,0.0042646346,0.0025114636,0.0042646346,0.005220126,0.0012079936,0,1.4584758646123586
01822.jpg,0,2,0.008061992,0.029760094,0.008061992,0.016152835,0.0071439285,1,1.8022741477799624
01823.jpg,1,4,0.99509466,0.9927672,0.99509466,0.99371004,0.999273595,1,2.1116523934181
01824.jpg,1,3,0.7237002,0.01665704,0.7237002,0.40427223,0.3625963239,0,0.8981908332186913
01825.jpg,1,4,0.93991333,0.97966766,0.93991333,0.91181,0.9979296373,1,0.9044417047609248
01826.jpg,0,3,0.02297737,0.010652511,0.02297737,0.011331755,0.014731295,0,1.5483235614944095
01827.jpg,1,1,0.9518632,0.9773276,0.9518632,0.95759624,0.9929244772,1,1.503250260688217
01828.jpg,0,4,0.7806625,0.25238404,0.7806625,0.8050198,0.5063373272,0,0.7424724042666535
01829.jpg,0,0,0.013428255,0.016403032,0.013428255,0.013848611,0.0036742102,1,0.9157430898092136
01830.jpg,1,0,0.9974491,0.99923277,0.9974491,0.9943581,0.9990617836,0,1.165517715841429
01831.jpg,1,0,0.94539934,0.8092759,0.94539934,0.9724148,0.9897098387,0,0.760743798576576
01832.jpg,1,2,0.9353465,0.6361271,0.9353465,0.96124375,0.9875587239,1,0.9854715140478668
01833.jpg,0,2,0.0038244838,0.0013885234,0.0038244838,0.0061929906,0.0019593591,1,0.8203219592259848
01834.jpg,1,0,0.994089,0.98527133,0.994089,0.99390244,0.9994923398,0,1.211456511175899
01835.jpg,0,2,0.0039454065,0.04177388,0.0039454065,0.002434382,0.0022822356,1,1.026612870468934
01836.jpg,1,2,0.99101454,0.45907614,0.99101454,0.9981324,0.9993151033,0,1.676993736117281
01837.jpg,0,1,0.08329193,0.544317,0.08329193,0.06142404,0.1309984849,1,1.2462256809338523
01838.jpg,0,4,0.22850063,0.01566365,0.22850063,0.3350788,0.395389294,1,1.445973200805234
01839.jpg,1,4,0.96485513,0.9329437,0.96485513,0.97702265,0.9982928081,0,1.7322633507384082
01840.jpg,0,0,0.0460339,0.012053779,0.0460339,0.043365803,0.0189423233,0,0.8133348891276397
01841.jpg,0,3,0.0039454065,0.007937994,0.0039454065,0.004133968,0.0039557808,0,1.047693350198771
01842.jpg,0,0,0.019719126,0.0021157037,0.019719126,0.027376488,0.0058720167,0,0.7470239614796467
01843.jpg,0,1,0.10894504,0.109705776,0.10894504,0.1187934,0.03457907,1,2.7667682362509463
01844.jpg,0,3,0.7162186,0.8692713,0.7162186,0.4421547,0.7139456272,1,0.9982410555884093
01845.jpg,1,3,0.98677725,0.89368117,0.98677725,0.98677725,0.9945060199,0,1.3750670752816767
01846.jpg,0,2,0.057071403,0.9324533,0.057071403,0.13939638,0.1795026989,1,1.0000483097103618
01847.jpg,0,3,0.020804489,0.024053553,0.020804489,0.0062899017,0.0016567952,0,0.8382662906338132
01848.jpg,0,2,0.00498227,0.14560063,0.00498227,0.0046095727,0.0028375845,1,1.092317493654395
01849.jpg,1,1,0.97838473,0.81077874,0.97838473,0.9804314,0.9975041141,0,1.3709646771568096
01850.jpg,1,2,0.9804314,0.9993228,0.9804314,0.967163,0.9995397203,0,1.1662763727121463
01851.jpg,0,0,0.023153411,0.575588,0.023153411,0.037326884,0.0163785824,0,1.4626852658635938
01852.jpg,0,2,0.02479816,0.030675799,0.02479816,0.026355354,0.0048718337,1,0.9075982446947864
01853.jpg,1,0,0.96267307,0.87621135,0.96267307,0.97754294,0.9958126171,0,1.8680794248545016
01854.jpg,0,3,0.012241276,0.0018675659,0.012241276,0.022286188,0.0119775201,1,0.7586007913883772
01855.jpg,0,0,0.013428255,0.010013571,0.013428255,0.013636835,0.0145641835,0,1.4358383682469678
01856.jpg,1,1,0.9896718,0.075858176,0.9896718,0.97068775,0.9845808035,1,1.0554503885373794
01857.jpg,0,3,0.016529558,0.02800752,0.016529558,0.008577485,0.0100393362,0,0.8886745967195337
01858.jpg,0,4,0.026759284,0.058345836,0.026759284,0.03308598,0.0071235066,1,0.8124769259116567
01859.jpg,0,3,0.085709274,0.63204867,0.085709274,0.0460339,0.0903110723,1,1.1605270853992635
01860.jpg,1,4,0.9952448,0.9933072,0.9952448,0.9869795,0.9996948169,0,2.0216614428205304
01861.jpg,1,2,0.8080672,0.60673153,0.8080672,0.5730812,0.8891795473,0,1.351526610770255
01862.jpg,0,1,0.0067975316,0.0031236487,0.0067975316,0.008577485,0.0022801822,1,0.909012456323456
01863.jpg,1,4,0.992062,0.9983516,0.992062,0.9686196,0.9984372187,0,1.5303662420382165
01864.jpg,1,1,0.99351174,0.9572778,0.99351174,0.98866826,0.9995851607,0,2.0988132884658706
01865.jpg,1,0,0.99896777,0.99977654,0.99896777,0.9995122,0.9997172408,1,1.5489556743704729
01866.jpg,1,1,0.950411,0.9957353,0.950411,0.9656413,0.9975685981,0,1.477612601355104
01867.jpg,0,0,0.0087791085,0.029535336,0.0087791085,0.005911069,0.0040100623,1,1.2302544670683564
01868.jpg,1,3,0.69637144,0.65246284,0.69637144,0.65797806,0.9807946565,1,1.2825921132435123
01869.jpg,1,2,0.997285,0.9967269,0.997285,0.9962346,0.9992295766,1,0.9639268105531248
01870.jpg,0,0,0.053998843,0.026556574,0.053998843,0.13028543,0.0166536049,0,1.5421130156162506
01871.jpg,1,4,0.9686196,0.9937588,0.9686196,0.983343,0.9984364845,1,1.523772420903266
01872.jpg,1,0,0.49707034,0.20055768,0.49707034,0.7477081,0.7603867077,1,1.527826433121019
01873.jpg,1,3,0.39539677,0.24400255,0.39539677,0.3100673,0.1514874655,0,1.5169897959183676
01874.jpg,1,2,0.69760895,0.6827853,0.69760895,0.48877144,0.975162902,0,1.1285118002312933
01875.jpg,0,1,0.0094125895,0.005554925,0.0094125895,0.01717671,0.0069578699,1,1.4359756020077514
01876.jpg,0,4,0.08663207,0.0044683847,0.08663207,0.030675799,0.0056387047,1,0.7492588258311353
01877.jpg,0,4,0.0058199596,0.00027803096,0.0058199596,0.0039454065,0.0014890141,0,1.0610207221480987
01878.jpg,1,1,0.9981614,0.9957353,0.9981614,0.997065,0.9998414002,0,1.9158010898396955
01879.jpg,0,4,0.013428255,0.028220985,0.013428255,0.017576883,0.0053474036,1,1.1639117647058823
01880.jpg,0,0,0.005139611,0.12336561,0.005139611,0.0076956474,0.0091886225,1,1.2405493144935646
01881.jpg,1,4,0.9987356,0.99854493,0.9987356,0.9965166,0.9997834265,1,1.429480182552612
01882.jpg,0,4,0.19559407,0.019419348,0.19559407,0.17161581,0.0776338822,1,1.642418438926623
01883.jpg,0,4,0.08449276,0.086323485,0.08449276,0.1289633,0.0390150383,1,1.469869981751825
01884.jpg,0,2,0.03021459,0.04054074,0.03021459,0.008577485,0.0072174594,0,1.520742914979757
01885.jpg,0,4,0.1561049,0.648689,0.1561049,0.6779006,0.533979892,1,1.257405728222125
01886.jpg,0,3,0.7126323,0.054198727,0.7126323,0.7634837,0.6565061284,1,1.3982622091898247
01887.jpg,1,3,0.98087597,0.8152325,0.98087597,0.9761292,0.9658549678,1,1.7089509764387352
01888.jpg,1,2,0.997285,0.9908744,0.997285,0.9954615,0.999838479,1,1.4723919390878195
01889.jpg,0,4,0.14080818,0.8812066,0.14080818,0.060086645,0.2605685839,1,1.3559442801417534
01890.jpg,0,2,0.25238404,0.91181,0.25238404,0.10017222,0.0780072773,1,1.5537478305459138
01891.jpg,0,3,0.01150815,0.89143354,0.01150815,0.014842418,0.0093887075,0,0.7620154764599367
01892.jpg,1,1,0.7577944,0.9252299,0.7577944,0.9167081,0.9468256866,0,2.042039675422356
01893.jpg,1,2,0.94122344,0.5622966,0.94122344,0.96095175,0.9860197324,1,1.3323833738008994
01894.jpg,1,1,0.8365546,0.7411123,0.8365546,0.655336,0.9712872515,0,1.1922399781384407
01895.jpg,0,4,0.028870907,0.03410043,0.028870907,0.02479816,0.0276850928,0,1.0190522710335734
01896.jpg,1,3,0.51879,0.78464925,0.51879,0.79182106,0.9657282921,0,1.565011353315168
01897.jpg,0,4,0.04707418,0.07751766,0.04707418,0.042403832,0.0105426918,0,1.16784857876064
01898.jpg,0,0,0.012431651,0.096705794,0.012431651,0.025957357,0.0068966585,0,0.6428659100439781
01899.jpg,0,4,0.00818791,0.009708477,0.00818791,0.009708477,0.018113384,1,1.711761806451613
01900.jpg,1,1,0.97068775,0.39140594,0.97068775,0.9860443,0.9981069601,1,0.8048321334007675
01901.jpg,0,0,0.049589027,0.023689471,0.049589027,0.059210252,0.0150460853,0,0.6520966087050437
01902.jpg,1,2,0.39210403,0.1480472,0.39210403,0.20339091,0.3019434145,0,2.4388983388410246
01903.jpg,1,4,0.9939964,0.91490096,0.9939964,0.9943581,0.9992619539,1,2.6523513701811425
01904.jpg,1,1,0.46952027,0.10158944,0.46952027,0.09401019,0.4857506069,1,1.007148458398936
01905.jpg,1,1,0.9926542,0.95531917,0.9926542,0.99155444,0.9976322323,1,1.226275113971033
01906.jpg,1,3,0.9539661,0.98934746,0.9539661,0.9869795,0.9962782556,1,1.624676930007022
01907.jpg,0,2,0.0069576083,0.034880888,0.0069576083,0.008985428,0.0132573153,1,0.9912303097733792
01908.jpg,0,2,0.02297737,0.0705596,0.02297737,0.012624949,0.0165349212,1,2.0919412244292914
01909.jpg,0,1,0.6658452,0.8774768,0.6658452,0.4969483,0.520666083,0,1.5214689546368134
01910.jpg,1,3,0.9890131,0.99687636,0.9890131,0.99361163,0.9990988904,0,1.248883311047584
01911.jpg,0,4,0.8998277,0.8193158,0.8998277,0.8365546,0.8681202112,0,0.9752878075877912
01912.jpg,0,0,0.010818448,0.020332353,0.010818448,0.020023441,0.0045730806,1,1.014376270212954
01913.jpg,1,3,0.9949397,0.9591543,0.9949397,0.99711037,0.9997235144,1,1.2091495024482704
01914.jpg,0,4,0.14608724,0.36206648,0.14608724,0.22781274,0.0633367127,1,1.4535643234496216
01915.jpg,1,1,0.99193794,0.98469365,0.99193794,0.994089,0.9993535956,0,1.980197296594749
01916.jpg,1,4,0.95976204,0.97966766,0.95976204,0.93439513,0.9987266191,1,1.0251781897250682
01917.jpg,0,1,0.046378206,0.45907614,0.046378206,0.03410043,0.0472364107,1,1.1050313762105357
01918.jpg,1,0,0.9928786,0.99453074,0.9928786,0.9850429,0.9985323532,1,2.282094458870217
01919.jpg,1,2,0.95257413,0.99014014,0.95257413,0.97482115,0.9965950941,0,1.2840543748174116
01920.jpg,0,3,0.016785491,0.005060332,0.016785491,0.028870907,0.0023804142,1,0.9051442373377576
01921.jpg,1,1,0.992062,0.9938548,0.992062,0.9875683,0.9992736427,0,1.0775072217891697
01922.jpg,1,3,0.24871662,0.99509466,0.24871662,0.22541662,0.958340239,1,2.465435482690478
01923.jpg,0,0,0.0030753699,0.006692851,0.0030753699,0.0038844766,0.0034606731,0,2.32464092530786
01924.jpg,1,2,0.9918121,0.9566342,0.9918121,0.99101454,0.9982152941,0,0.8001167701863354
01925.jpg,0,4,0.17838266,0.630685,0.17838266,0.14414886,0.1742752424,0,0.955433357357078
01926.jpg,0,3,0.008061992,0.0014550628,0.008061992,0.01665704,0.0066818965,1,1.0974625807866891
01927.jpg,0,3,0.011687257,0.13161905,0.011687257,0.064653486,0.014743814,1,0.8570226354082457
01928.jpg,0,0,0.057493277,0.02350945,0.057493277,0.01798621,0.018629919,1,0.8101308428081573
01929.jpg,1,4,0.983597,0.9603612,0.983597,0.9843364,0.998187813,0,0.87154586457092
01930.jpg,0,1,0.0043994132,0.07864238,0.0043994132,0.0039454065,0.0021557445,0,1.43723467538607
01931.jpg,0,0,0.24472384,0.71383077,0.24472384,0.057918087,0.0319707484,1,0.9833684562428804
01932.jpg,1,3,0.019719126,0.016914913,0.019719126,0.030675799,0.0200312103,1,1.2535764944275585
01933.jpg,0,2,0.025178842,0.7505528,0.025178842,0.031618766,0.0272522378,0,1.276237737584304
01934.jpg,0,4,0.102304704,0.13432105,0.102304704,0.031143833,0.0865641062,1,2.0649913968677573
01935.jpg,0,0,0.07978202,0.9219218,0.07978202,0.06656919,0.0653061089,1,1.1308563832422347
01936.jpg,1,0,0.994615,0.7858021,0.994615,0.99253935,0.9990157977,0,0.7648753310246487
01937.jpg,0,0,0.09982066,0.12678517,0.09982066,0.012241276,0.0396588332,0,0.7399149713351185
01938.jpg,1,4,0.9600627,0.99457306,0.9600627,0.87997437,0.9741449556,1,1.3695583321226208
01939.jpg,1,2,0.99732697,0.99824536,0.99732697,0.9977482,0.9991181682,1,1.1049327221590386
01940.jpg,0,3,0.058345836,0.0062899017,0.058345836,0.056652427,0.0590435034,0,1.5119600843744927
01941.jpg,1,1,0.99895155,0.99893504,0.99895155,0.999089,0.9998998033,0,2.2526559492300287
01942.jpg,0,4,0.03461884,0.01566365,0.03461884,0.029760094,0.0127434136,0,1.3361353998102783
01943.jpg,1,3,0.99863297,0.9891816,0.99863297,0.9932025,0.9997315465,0,1.256819129419613
01944.jpg,0,0,0.011777843,0.42250463,0.011777843,0.0038844766,0.0043595489,0,1.2318600805408204
01945.jpg,0,2,0.020964239,0.0072327633,0.020964239,0.0076956474,0.0036337367,0,1.0786125928748334
01946.jpg,1,2,0.938576,0.9965166,0.938576,0.9840936,0.9996128725,0,1.5479916867983516
01947.jpg,0,3,0.051082738,0.16721867,0.051082738,0.09268778,0.1186277097,1,1.616153324287653
01948.jpg,0,2,0.031618766,0.1576549,0.031618766,0.033589505,0.0075992849,0,0.9589737679051306
01949.jpg,0,4,0.0058199596,0.13028543,0.0058199596,0.020332353,0.0045424025,0,1.4633012721546348
01950.jpg,0,4,0.018404892,0.0010987311,0.018404892,0.014172365,0.0107998461,1,0.8879891956782713
01951.jpg,0,1,0.059646945,0.069541745,0.059646945,0.028870907,0.0201800643,0,1.0295902859094457
01952.jpg,1,2,0.97262347,0.9433476,0.97262347,0.96641046,0.9973058255,0,1.1975192307692308
01953.jpg,1,2,0.9965166,0.9981614,0.9965166,0.99788433,0.9995930819,0,1.3311898215089957
01954.jpg,1,2,0.99724233,0.9911527,0.99724233,0.997981,0.9993564839,0,1.131278490501585
01955.jpg,1,2,0.7348813,0.90632194,0.7348813,0.81047887,0.8331780393,1,1.4091614651978217
01956.jpg,1,0,0.99788433,0.9759464,0.99788433,0.9974491,0.998734913,0,2.221878992193045
01957.jpg,1,2,0.9403531,0.9615338,0.9403531,0.91117966,0.9977927799,1,1.03603376419425
01958.jpg,1,4,0.979354,0.99886644,0.979354,0.98549646,0.9989787553,0,1.840884163120047
01959.jpg,0,4,0.025178842,0.14706452,0.025178842,0.0726367,0.0814931353,0,0.6733287335648722
01960.jpg,1,4,0.971564,0.9922444,0.971564,0.979354,0.9960737074,0,1.4221191894297254
01961.jpg,1,0,0.9541374,0.994089,0.9541374,0.98201376,0.9787150348,1,1.7154698503521129
01962.jpg,0,2,0.0007096704,0.0025509123,0.0007096704,0.0018675659,0.0014879975,0,0.7077570865641286
01963.jpg,0,2,0.083890386,0.07751766,0.083890386,0.033336822,0.0099298148,1,0.8256311855127395
01964.jpg,0,3,0.03090896,0.2271263,0.03090896,0.020804489,0.0178041167,1,1.0348993298425229
01965.jpg,0,0,0.0057302467,0.0946777,0.0057302467,0.0062899017,0.0091548329,0,1.7545719349041535
01966.jpg,1,4,0.9926542,0.87536144,0.9926542,0.990732,0.9996634414,0,1.0941145478953274
01967.jpg,0,3,0.032589745,0.22678362,0.032589745,0.017309096,0.0088869533,1,1.2896644644955326
01968.jpg,0,4,0.0034834244,0.00066670234,0.0034834244,0.001622967,0.0014428356,1,1.0498071275863765
01969.jpg,1,3,0.96741027,0.7826625,0.96741027,0.96124375,0.9958972787,0,1.437313690292542
01970.jpg,1,2,0.99351174,0.9984988,0.99351174,0.9950177,0.999070795,0,1.0554295294336329
01971.jpg,1,1,0.9926542,0.99453074,0.9926542,0.94122344,0.9995173452,1,1.3882706271447751
01972.jpg,0,1,0.0058199596,0.14318772,0.0058199596,0.005139611,0.0046779883,0,1.1148710367388024
01973.jpg,0,0,0.66475797,0.74167407,0.66475797,0.23846151,0.2212642542,1,1.8732834125180748
01974.jpg,0,0,0.0076956474,0.0094125895,0.0076956474,0.0054692747,0.0041372143,0,1.0198519826857058
01975.jpg,1,4,0.9921841,0.9859364,0.9921841,0.9881309,0.9983736334,1,2.1904764424677734
01976.jpg,1,2,0.971564,0.84389514,0.971564,0.971564,0.9948518168,0,1.6215353474695604
01977.jpg,1,2,0.9719925,0.9686196,0.9719925,0.9859364,0.9930473603,0,1.1182629050505732
01978.jpg,1,0,0.9981614,0.99896777,0.9981614,0.997783,0.9997337389,0,1.573020514390692
01979.jpg,1,4,0.96458924,0.33025518,0.96458924,0.9230392,0.9718753664,0,1.2389500941619584
01980.jpg,1,0,0.7889086,0.054600604,0.7889086,0.8840393,0.6964163045,0,1.2308216753535592
01981.jpg,1,0,0.98445636,0.9993436,0.98445636,0.98481095,0.9972012235,1,1.243856662159904
01982.jpg,1,0,0.99711037,0.99963164,0.99711037,0.9976769,0.9997063793,0,1.3076314337132575
01983.jpg,1,4,0.9921841,0.9980732,0.9921841,0.9937588,0.9990901086,0,1.7835882867132868
01984.jpg,1,1,0.98934746,0.880797,0.98934746,0.9890976,0.9992924234,0,1.2160010456149524
01985.jpg,1,1,0.9738444,0.9492946,0.9738444,0.9843364,0.999276095,1,1.0193057176196032
01986.jpg,0,4,0.035678554,0.4771887,0.035678554,0.030675799,0.0108111388,0,1.2262876878630482
01987.jpg,1,1,0.891811,0.9559813,0.891811,0.9458012,0.980440998,0,1.8717104272032712
01988.jpg,1,4,0.6943027,0.87997437,0.6943027,0.82893884,0.9328677078,1,1.1396924234776653
01989.jpg,1,3,0.009859855,0.003538086,0.009859855,0.0073458264,0.0027993418,0,1.0142802422035613
01990.jpg,1,1,0.99101454,0.983597,0.99101454,0.9914225,0.9989780433,0,0.8344325021496132
01991.jpg,0,1,0.08756385,0.045015533,0.08756385,0.088820286,0.0339156193,0,0.9680410869118876
01992.jpg,1,3,0.8812066,0.9184803,0.8812066,0.9193534,0.9029099385,0,0.9437544486944952
01993.jpg,1,2,0.9956006,0.99827254,0.9956006,0.99444515,0.9993337697,1,1.2351408074534165
01994.jpg,1,1,0.979354,0.9603612,0.979354,0.9863631,0.9989960026,0,1.1039697455230917
01995.jpg,0,4,0.008985428,0.011331755,0.008985428,0.025565213,0.0107684845,0,1.6448385209454714
01996.jpg,0,4,0.008577485,0.003538086,0.008577485,0.02931223,0.0035957614,1,0.4967157645900482
01997.jpg,1,1,0.7185944,0.863161,0.7185944,0.8795612,0.9900442426,1,1.6764104682890038
01998.jpg,1,2,0.98866826,0.9829547,0.98866826,0.98228765,0.998231232,0,1.4930708583251475
01999.jpg,0,2,0.074500255,0.031618766,0.074500255,0.075858176,0.0225943578,0,0.8465029672139166
02000.jpg,0,0,0.014392336,0.00033535014,0.014392336,0.0072327633,0.0094925236,1,0.8700480425386361
